(1.0, 0.0, 0.0),4.269824,False,(0.0, 0.0, 0.0),0,0,False,(1.0, 1.0, 1.0),719.4282,506.3846,False,(0.0, 0.0, 0.0),0,0,True,(1.0, 0.0, 1.0),2.467184,False,(0.0, 0.0, 0.0),0,0,False,(0.0, 0.0, 0.0),0,0,True,(0.0, 0.0, 0.0),0,0,True,(1.0, 0.0, 2.0),3.165405,False,(0.0, 0.0, 0.0),0,0,False,(-1.0, 0.0, 0.0),620.5508,684.9631,False,(0.0, 0.0, 0.0),0,0,False,(1.0, 1.0, 1.0),4.139168,False,(0.0, 0.0, 0.0),0,0,True,(0.0, 0.0, 0.0),0,0,False,(0.0, 0.0, 0.0),0,0,False,(1.0, 2.0, 0.0),3.387738,False,(0.0, 0.0, 0.0),0,0,False,(0.0, 0.0, 0.0),0,0,False,(0.0, 1.0, 0.0),356.6726,542.3572,False,(1.0, 2.0, 2.0),3.944211,False,(0.0, 0.0, 0.0),0,0,False,(0.0, 0.0, 0.0),0,0,False,(0.0, 0.0, 0.0),0,0,False,(2.0, 1.0, 1.0),3.073104,False,(0.0, 0.0, 0.0),0,0,False,(0.0, 0.0, 0.0),0,0,False,(0.0, 0.0, 0.0),0,0,False,0
(1.0, 2.0, 0.0),3.587753,False,(0.0, 0.0, 0.0),0,0,True,(0.0, 0.0, 0.0),0,0,False,(1.0, 1.0, 1.0),451.2508,665.7475,False,(1.0, 2.0, 2.0),2.444525,False,(0.0, 0.0, 0.0),0,0,False,(0.0, 0.0, 0.0),0,0,False,(0.0, 0.0, 0.0),0,0,False,(2.0, 1.0, 0.0),4.339617,False,(0.0, 0.0, 0.0),0,0,False,(0.0, 0.0, 0.0),0,0,True,(0.0, 0.0, -1.0),291.6412,548.8268,False,(2.0, 1.0, 2.0),3.729568,True,(0.0, 0.0, 0.0),0,0,False,(0.0, 0.0, 0.0),0,0,False,(0.0, 0.0, 0.0),0,0,False,(2.0, 2.0, 0.0),4.834824,False,(0.0, 0.0, 0.0),0,0,False,(0.0, 0.0, 0.0),0,0,False,(0.0, 0.0, 0.0),0,0,False,83.79051
(1.0, 2.0, 0.0),3.587753,False,(0.0, 0.0, 0.0),0,0,True,(0.0, 0.0, 0.0),0,0,False,(1.0, 1.0, 1.0),451.2508,665.7475,False,(1.0, 2.0, 2.0),2.444525,False,(0.0, 0.0, 0.0),0,0,False,(0.0, 0.0, 0.0),0,0,False,(0.0, 0.0, 0.0),0,0,False,(2.0, 1.0, 0.0),4.339617,False,(0.0, 0.0, 0.0),0,0,False,(0.0, 0.0, 0.0),0,0,True,(0.0, 0.0, -1.0),291.6412,548.8268,False,(2.0, 1.0, 2.0),3.729568,True,(0.0, 0.0, 0.0),0,0,False,(0.0, 0.0, 0.0),0,0,False,(0.0, 0.0, 0.0),0,0,False,(2.0, 2.0, 0.0),4.834824,False,(0.0, 0.0, 0.0),0,0,False,(0.0, 0.0, 0.0),0,0,False,(0.0, 0.0, 0.0),0,0,False,0
(1.0, 2.0, 0.0),3.587753,False,(0.0, 0.0, 0.0),0,0,True,(0.0, 0.0, 0.0),0,0,False,(1.0, 1.0, 1.0),451.2508,665.7475,False,(1.0, 2.0, 2.0),2.444525,False,(0.0, 0.0, 0.0),0,0,False,(0.0, 0.0, 0.0),0,0,False,(0.0, 0.0, 0.0),0,0,False,(2.0, 1.0, 0.0),4.339617,False,(0.0, 0.0, 0.0),0,0,False,(0.0, 0.0, 0.0),0,0,True,(0.0, 0.0, -1.0),291.6412,548.8268,False,(2.0, 1.0, 2.0),4.007081,True,(0.0, 0.0, 0.0),0,0,False,(0.0, 0.0, 0.0),0,0,False,(0.0, 0.0, 0.0),0,0,False,(2.0, 2.0, 0.0),4.834824,False,(0.0, 0.0, 0.0),0,0,False,(0.0, 0.0, 0.0),0,0,False,(0.0, 0.0, 0.0),0,0,False,96.55038
(1.0, 2.0, 0.0),3.587753,False,(0.0, 0.0, 0.0),0,0,True,(0.0, 0.0, 0.0),0,0,False,(1.0, 1.0, 1.0),451.2508,665.7475,False,(1.0, 2.0, 2.0),2.444525,False,(0.0, 0.0, 0.0),0,0,False,(0.0, 0.0, 0.0),0,0,False,(0.0, 0.0, 0.0),0,0,False,(2.0, 1.0, 0.0),4.339617,False,(0.0, 0.0, 0.0),0,0,False,(0.0, 0.0, 0.0),0,0,True,(0.0, 0.0, -1.0),291.6412,548.8268,False,(2.0, 1.0, 2.0),3.729568,True,(0.0, 0.0, 0.0),0,0,False,(0.0, 0.0, 0.0),0,0,False,(0.0, 0.0, 0.0),0,0,False,(2.0, 2.0, 0.0),4.834824,False,(0.0, 0.0, 0.0),0,0,False,(0.0, 0.0, 0.0),0,0,False,(0.0, 0.0, 0.0),0,0,False,0
(1.0, 2.0, 0.0),3.587753,False,(0.0, 0.0, 0.0),0,0,True,(0.0, 0.0, 0.0),0,0,False,(1.0, 1.0, 1.0),451.2508,665.7475,False,(1.0, 2.0, 2.0),2.444525,False,(0.0, 0.0, 0.0),0,0,False,(0.0, 0.0, 0.0),0,0,False,(0.0, 0.0, 0.0),0,0,False,(2.0, 1.0, 0.0),4.339617,False,(0.0, 0.0, 0.0),0,0,False,(0.0, 0.0, 0.0),0,0,True,(0.0, 0.0, -1.0),291.6412,548.8268,False,(2.0, 1.0, 2.0),3.729568,True,(0.0, 0.0, 0.0),0,0,False,(0.0, 0.0, 0.0),0,0,False,(0.0, 0.0, 0.0),0,0,False,(2.0, 2.0, 0.0),4.834824,False,(0.0, 0.0, 0.0),0,0,False,(0.0, 0.0, 0.0),0,0,False,(0.0, 0.0, 0.0),0,0,False,19.20077
(1.0, 2.0, 0.0),3.587753,False,(0.0, 0.0, 0.0),0,0,True,(0.0, 0.0, 0.0),0,0,False,(1.0, 1.0, 1.0),451.2508,665.7475,False,(1.0, 2.0, 2.0),2.444525,False,(0.0, 0.0, 0.0),0,0,False,(0.0, 0.0, 0.0),0,0,False,(0.0, 0.0, 0.0),0,0,False,(2.0, 1.0, 0.0),4.339617,False,(0.0, 0.0, 0.0),0,0,False,(0.0, 0.0, 0.0),0,0,True,(0.0, 0.0, -1.0),291.6412,548.8268,False,(2.0, 1.0, 2.0),3.729568,True,(0.0, 0.0, 0.0),0,0,False,(0.0, 0.0, 0.0),0,0,False,(0.0, 0.0, 0.0),0,0,False,(2.0, 2.0, 0.0),4.834824,False,(0.0, 0.0, 0.0),0,0,False,(0.0, 0.0, 0.0),0,0,False,(0.0, 0.0, 0.0),0,0,False,0
(1.0, 2.0, 0.0),2.578845,False,(0.0, 0.0, 0.0),0,0,True,(0.0, 0.0, 0.0),0,0,False,(1.0, 1.0, 1.0),451.2508,523.1165,False,(1.0, 2.0, 2.0),2.444525,True,(0.0, 0.0, 0.0),0,0,False,(0.0, 0.0, 0.0),0,0,False,(0.0, 0.0, 0.0),0,0,False,(2.0, 1.0, 0.0),4.339617,False,(0.0, 0.0, 0.0),0,0,False,(0.0, 0.0, 0.0),0,0,True,(0.0, 0.0, -1.0),291.6412,548.8268,False,(2.0, 1.0, 2.0),3.729568,True,(0.0, 0.0, 0.0),0,0,False,(0.0, 0.0, 0.0),0,0,False,(0.0, 0.0, 0.0),0,0,False,(2.0, 2.0, 0.0),4.834824,False,(0.0, 0.0, 0.0),0,0,False,(0.0, 0.0, 0.0),0,0,False,(0.0, 0.0, 0.0),0,0,False,0
(1.0, 2.0, 0.0),3.587753,False,(0.0, 0.0, 0.0),0,0,True,(0.0, 0.0, 0.0),0,0,False,(1.0, 1.0, 1.0),451.2508,665.7475,False,(1.0, 2.0, 2.0),2.444525,False,(0.0, 0.0, 0.0),0,0,False,(0.0, 0.0, 0.0),0,0,False,(0.0, 0.0, 0.0),0,0,False,(2.0, 1.0, 0.0),4.339617,False,(0.0, 0.0, 0.0),0,0,False,(0.0, 0.0, 0.0),0,0,True,(0.0, 0.0, -1.0),291.6412,548.8268,False,(2.0, 1.0, 2.0),3.729568,True,(0.0, 0.0, 0.0),0,0,False,(0.0, 0.0, 0.0),0,0,False,(0.0, 0.0, 0.0),0,0,False,(2.0, 2.0, 0.0),4.834824,True,(0.0, 0.0, 0.0),0,0,False,(0.0, 0.0, 0.0),0,0,False,(0.0, 0.0, 0.0),0,0,False,0
(1.0, 2.0, 0.0),3.587753,False,(0.0, 0.0, 0.0),0,0,True,(0.0, 0.0, 0.0),0,0,False,(1.0, 1.0, 1.0),451.2508,691.0421,False,(1.0, 2.0, 2.0),2.444525,False,(0.0, 0.0, 0.0),0,0,False,(0.0, 0.0, 0.0),0,0,False,(0.0, 0.0, 0.0),0,0,False,(2.0, 1.0, 0.0),4.339617,True,(0.0, 0.0, 0.0),0,0,False,(0.0, 0.0, 0.0),0,0,True,(0.0, 0.0, -1.0),291.6412,548.8268,False,(2.0, 1.0, 2.0),3.729568,False,(0.0, 0.0, 0.0),0,0,False,(0.0, 0.0, 0.0),0,0,False,(0.0, 0.0, 0.0),0,0,False,(2.0, 2.0, 0.0),4.834824,False,(0.0, 0.0, 0.0),0,0,False,(0.0, 0.0, 0.0),0,0,False,(0.0, 0.0, 0.0),0,0,False,0
(1.0, 2.0, 0.0),3.587753,True,(0.0, 0.0, 0.0),0,0,True,(0.0, 0.0, 0.0),0,0,False,(1.0, 1.0, 1.0),451.2508,665.7475,False,(1.0, 2.0, 2.0),2.444525,True,(0.0, 0.0, 0.0),0,0,False,(0.0, 0.0, 0.0),0,0,False,(0.0, 0.0, 0.0),0,0,False,(2.0, 1.0, 0.0),4.339617,True,(0.0, 0.0, 0.0),0,0,False,(0.0, 0.0, 0.0),0,0,True,(0.0, 0.0, -1.0),291.6412,548.8268,False,(2.0, 1.0, 2.0),3.729568,True,(0.0, 0.0, 0.0),0,0,False,(0.0, 0.0, 0.0),0,0,False,(0.0, 0.0, 0.0),0,0,False,(2.0, 2.0, 0.0),2.94744,False,(0.0, 0.0, 0.0),0,0,False,(0.0, 0.0, 0.0),0,0,False,(0.0, 0.0, 0.0),0,0,False,0
(1.0, 2.0, 0.0),3.587753,False,(0.0, 0.0, 0.0),0,0,True,(0.0, 0.0, 0.0),0,0,False,(1.0, 1.0, 1.0),451.2508,665.7475,False,(1.0, 2.0, 2.0),2.444525,False,(0.0, 0.0, 0.0),0,0,False,(0.0, 0.0, 0.0),0,0,False,(0.0, 0.0, 0.0),0,0,False,(2.0, 1.0, 0.0),4.339617,False,(0.0, 0.0, 0.0),0,0,False,(0.0, 0.0, 0.0),0,0,True,(0.0, 0.0, -1.0),291.6412,548.8268,False,(2.0, 1.0, 2.0),4.007081,True,(0.0, 0.0, 0.0),0,0,False,(0.0, 0.0, 0.0),0,0,False,(0.0, 0.0, 0.0),0,0,False,(2.0, 2.0, 0.0),4.834824,False,(0.0, 0.0, 0.0),0,0,False,(0.0, 0.0, 0.0),0,0,False,(0.0, 0.0, 0.0),0,0,False,3.273439
(1.0, 2.0, 0.0),3.587753,False,(0.0, 0.0, 0.0),0,0,True,(0.0, 0.0, 0.0),0,0,False,(1.0, 1.0, 1.0),605.7776,665.7475,False,(1.0, 2.0, 2.0),2.444525,False,(0.0, 0.0, 0.0),0,0,False,(0.0, 0.0, 0.0),0,0,False,(0.0, 0.0, 0.0),0,0,False,(2.0, 1.0, 0.0),3.711607,False,(0.0, 0.0, 0.0),0,0,False,(0.0, 0.0, 0.0),0,0,True,(0.0, 0.0, -1.0),291.6412,548.8268,False,(2.0, 1.0, 2.0),4.007081,True,(0.0, 0.0, 0.0),0,0,False,(0.0, 0.0, 0.0),0,0,False,(0.0, 0.0, 0.0),0,0,False,(2.0, 2.0, 0.0),4.834824,True,(0.0, 0.0, 0.0),0,0,False,(0.0, 0.0, 0.0),0,0,False,(0.0, 0.0, 0.0),0,0,False,0
(1.0, 2.0, 0.0),3.587753,False,(0.0, 0.0, 0.0),0,0,True,(0.0, 0.0, 0.0),0,0,False,(0.0, -1.0, 0.0),451.2508,665.7475,False,(1.0, 2.0, 2.0),2.444525,False,(0.0, 0.0, 0.0),0,0,False,(0.0, 0.0, 0.0),0,0,False,(0.0, 0.0, 0.0),0,0,False,(2.0, 1.0, 0.0),4.339617,False,(0.0, 0.0, 0.0),0,0,False,(0.0, 0.0, 0.0),0,0,True,(0.0, 0.0, -1.0),291.6412,644.4893,False,(2.0, 1.0, 2.0),4.149816,True,(0.0, 0.0, 0.0),0,0,False,(0.0, 0.0, 0.0),0,0,False,(0.0, 0.0, 0.0),0,0,False,(2.0, 2.0, 0.0),4.834824,False,(0.0, 0.0, 0.0),0,0,False,(0.0, 0.0, 0.0),0,0,False,(0.0, 0.0, 0.0),0,0,False,55.22316
(1.0, 2.0, 0.0),3.587753,False,(0.0, 0.0, 0.0),0,0,True,(0.0, 0.0, 0.0),0,0,False,(1.0, 1.0, 1.0),451.2508,665.7475,False,(1.0, 2.0, 2.0),2.270989,False,(0.0, 0.0, 0.0),0,0,False,(0.0, 0.0, 0.0),0,0,False,(0.0, 0.0, 0.0),0,0,False,(2.0, 1.0, 0.0),4.339617,False,(0.0, 0.0, 0.0),0,0,False,(0.0, 0.0, 0.0),0,0,True,(1.0, -1.0, -1.0),474.6517,548.8268,False,(2.0, 1.0, 2.0),4.007081,True,(0.0, 0.0, 0.0),0,0,False,(0.0, 0.0, 0.0),0,0,False,(0.0, 0.0, 0.0),0,0,False,(2.0, 2.0, 0.0),4.834824,False,(0.0, 0.0, 0.0),0,0,False,(0.0, 0.0, 0.0),0,0,False,(0.0, 0.0, 0.0),0,0,False,0
(1.0, 2.0, 0.0),3.587753,False,(0.0, 0.0, 0.0),0,0,True,(0.0, 0.0, 0.0),0,0,False,(1.0, 1.0, 1.0),451.2508,665.7475,False,(1.0, 2.0, 2.0),3.705927,True,(0.0, 0.0, 0.0),0,0,False,(0.0, 0.0, 0.0),0,0,False,(0.0, 0.0, 0.0),0,0,False,(2.0, 1.0, 0.0),4.339617,False,(0.0, 0.0, 0.0),0,0,False,(0.0, 0.0, 0.0),0,0,True,(0.0, 0.0, -1.0),291.6412,548.8268,False,(2.0, 1.0, 2.0),4.603864,True,(0.0, 0.0, 0.0),0,0,False,(0.0, 0.0, 0.0),0,0,False,(0.0, 0.0, 0.0),0,0,False,(2.0, 2.0, 0.0),4.834824,False,(0.0, 0.0, 0.0),0,0,False,(0.0, 0.0, 0.0),0,0,False,(0.0, 0.0, 0.0),0,0,False,0
(1.0, 2.0, 0.0),3.587753,False,(0.0, 0.0, 0.0),0,0,True,(0.0, 0.0, 0.0),0,0,False,(1.0, -1.0, -1.0),451.2508,665.7475,False,(1.0, 2.0, 2.0),2.444525,False,(0.0, 0.0, 0.0),0,0,False,(0.0, 0.0, 0.0),0,0,False,(0.0, 0.0, 0.0),0,0,False,(2.0, 1.0, 0.0),4.339617,False,(0.0, 0.0, 0.0),0,0,False,(0.0, 0.0, 0.0),0,0,True,(0.0, 0.0, -1.0),291.6412,548.8268,False,(2.0, 1.0, 2.0),4.007081,True,(0.0, 0.0, 0.0),0,0,False,(0.0, 0.0, 0.0),0,0,False,(0.0, 0.0, 0.0),0,0,False,(2.0, 2.0, 0.0),4.553644,False,(0.0, 0.0, 0.0),0,0,False,(0.0, 0.0, 0.0),0,0,False,(0.0, 0.0, 0.0),0,0,False,69.59772
(1.0, 2.0, 0.0),3.587753,False,(0.0, 0.0, 0.0),0,0,True,(0.0, 0.0, 0.0),0,0,False,(0.0, -1.0, 0.0),451.2508,716.8304,False,(1.0, 2.0, 2.0),2.444525,False,(0.0, 0.0, 0.0),0,0,False,(0.0, 0.0, 0.0),0,0,False,(0.0, 0.0, 0.0),0,0,False,(2.0, 1.0, 0.0),4.339617,False,(0.0, 0.0, 0.0),0,0,False,(0.0, 0.0, 0.0),0,0,True,(0.0, 0.0, -1.0),291.6412,548.8268,False,(2.0, 1.0, 2.0),4.007081,True,(0.0, 0.0, 0.0),0,0,False,(0.0, 0.0, 0.0),0,0,False,(0.0, 0.0, 0.0),0,0,False,(2.0, 2.0, 0.0),4.834824,False,(0.0, 0.0, 0.0),0,0,False,(0.0, 0.0, 0.0),0,0,False,(0.0, 0.0, 0.0),0,0,False,0
(1.0, 2.0, 0.0),3.587753,False,(0.0, 0.0, 0.0),0,0,True,(0.0, 0.0, 0.0),0,0,False,(1.0, 1.0, 1.0),451.2508,665.7475,False,(1.0, 2.0, 2.0),2.444525,False,(0.0, 0.0, 0.0),0,0,False,(0.0, 0.0, 0.0),0,0,False,(0.0, 0.0, 0.0),0,0,False,(2.0, 1.0, 0.0),4.339617,False,(0.0, 0.0, 0.0),0,0,False,(0.0, 0.0, 0.0),0,0,True,(0.0, 0.0, -1.0),291.6412,548.8268,False,(2.0, 1.0, 2.0),4.007081,True,(0.0, 0.0, 0.0),0,0,False,(0.0, 0.0, 0.0),0,0,False,(0.0, 0.0, 0.0),0,0,False,(2.0, 2.0, 0.0),4.834824,False,(0.0, 0.0, 0.0),0,0,False,(0.0, 0.0, 0.0),0,0,False,(0.0, 0.0, 0.0),0,0,False,72.77856
(1.0, 2.0, 0.0),3.587753,False,(0.0, 0.0, 0.0),0,0,True,(0.0, 0.0, 0.0),0,0,False,(1.0, 1.0, 1.0),451.2508,665.7475,False,(1.0, 2.0, 2.0),2.444525,False,(0.0, 0.0, 0.0),0,0,False,(0.0, 0.0, 0.0),0,0,False,(0.0, 0.0, 0.0),0,0,False,(2.0, 1.0, 0.0),4.339617,True,(0.0, 0.0, 0.0),0,0,False,(0.0, 0.0, 0.0),0,0,True,(0.0, 0.0, -1.0),790.821,548.8268,False,(2.0, 1.0, 2.0),4.007081,True,(0.0, 0.0, 0.0),0,0,False,(0.0, 0.0, 0.0),0,0,False,(0.0, 0.0, 0.0),0,0,False,(2.0, 2.0, 0.0),4.834824,True,(0.0, 0.0, 0.0),0,0,False,(0.0, 0.0, 0.0),0,0,False,(0.0, 0.0, 0.0),0,0,False,0
(1.0, 2.0, 0.0),3.587753,False,(0.0, 0.0, 0.0),0,0,True,(0.0, 0.0, 0.0),0,0,False,(1.0, 1.0, 1.0),451.2508,665.7475,False,(1.0, 2.0, 2.0),2.444525,False,(0.0, 0.0, 0.0),0,0,False,(0.0, 0.0, 0.0),0,0,False,(0.0, 0.0, 0.0),0,0,False,(2.0, 1.0, 0.0),4.339617,False,(0.0, 0.0, 0.0),0,0,False,(0.0, 0.0, 0.0),0,0,True,(0.0, 0.0, -1.0),291.6412,548.8268,False,(2.0, 1.0, 2.0),4.007081,True,(0.0, 0.0, 0.0),0,0,False,(0.0, 0.0, 0.0),0,0,False,(0.0, 0.0, 0.0),0,0,False,(2.0, 2.0, 0.0),4.834824,False,(0.0, 0.0, 0.0),0,0,False,(0.0, 0.0, 0.0),0,0,False,(0.0, 0.0, 0.0),0,0,False,13.65292
(1.0, 2.0, 0.0),2.647846,False,(0.0, 0.0, 0.0),0,0,True,(0.0, 0.0, 0.0),0,0,False,(1.0, 1.0, 1.0),311.4412,665.7475,False,(1.0, 2.0, 2.0),2.444525,False,(0.0, 0.0, 0.0),0,0,False,(0.0, 0.0, 0.0),0,0,False,(0.0, 0.0, 0.0),0,0,False,(2.0, 1.0, 0.0),4.339617,True,(0.0, 0.0, 0.0),0,0,False,(0.0, 0.0, 0.0),0,0,True,(0.0, 0.0, -1.0),437.0752,548.8268,False,(2.0, 1.0, 2.0),4.007081,True,(0.0, 0.0, 0.0),0,0,False,(0.0, 0.0, 0.0),0,0,False,(0.0, 0.0, 0.0),0,0,False,(2.0, 2.0, 0.0),4.834824,False,(0.0, 0.0, 0.0),0,0,False,(0.0, 0.0, 0.0),0,0,False,(0.0, 0.0, 0.0),0,0,False,0
(1.0, 2.0, 0.0),3.587753,True,(0.0, 0.0, 0.0),0,0,True,(0.0, 0.0, 0.0),0,0,False,(0.0, 0.0, 0.0),451.2508,665.7475,False,(1.0, 2.0, 2.0),2.444525,False,(0.0, 0.0, 0.0),0,0,False,(0.0, 0.0, 0.0),0,0,False,(0.0, 0.0, 0.0),0,0,False,(2.0, 1.0, 0.0),4.339617,False,(0.0, 0.0, 0.0),0,0,False,(0.0, 0.0, 0.0),0,0,True,(0.0, 0.0, -1.0),291.6412,763.6615,False,(2.0, 1.0, 2.0),4.007081,True,(0.0, 0.0, 0.0),0,0,False,(0.0, 0.0, 0.0),0,0,False,(0.0, 0.0, 0.0),0,0,False,(2.0, 2.0, 0.0),4.834824,False,(0.0, 0.0, 0.0),0,0,False,(0.0, 0.0, 0.0),0,0,False,(0.0, 0.0, 0.0),0,0,False,0
(1.0, 2.0, 0.0),3.587753,False,(0.0, 0.0, 0.0),0,0,True,(0.0, 0.0, 0.0),0,0,False,(1.0, 1.0, 1.0),451.2508,665.7475,False,(1.0, 2.0, 2.0),2.444525,False,(0.0, 0.0, 0.0),0,0,False,(0.0, 0.0, 0.0),0,0,False,(0.0, 0.0, 0.0),0,0,False,(2.0, 1.0, 0.0),4.339617,False,(0.0, 0.0, 0.0),0,0,False,(0.0, 0.0, 0.0),0,0,True,(0.0, 0.0, -1.0),291.6412,548.8268,False,(2.0, 1.0, 2.0),4.007081,True,(0.0, 0.0, 0.0),0,0,False,(0.0, 0.0, 0.0),0,0,False,(0.0, 0.0, 0.0),0,0,False,(2.0, 2.0, 0.0),4.834824,False,(0.0, 0.0, 0.0),0,0,False,(0.0, 0.0, 0.0),0,0,False,(0.0, 0.0, 0.0),0,0,False,70.81216
(1.0, 2.0, 0.0),3.587753,False,(0.0, 0.0, 0.0),0,0,True,(0.0, 0.0, 0.0),0,0,False,(1.0, 1.0, 1.0),451.2508,665.7475,False,(1.0, 2.0, 2.0),2.444525,False,(0.0, 0.0, 0.0),0,0,False,(0.0, 0.0, 0.0),0,0,False,(0.0, 0.0, 0.0),0,0,False,(2.0, 1.0, 0.0),4.339617,False,(0.0, 0.0, 0.0),0,0,False,(0.0, 0.0, 0.0),0,0,True,(0.0, 0.0, -1.0),291.6412,548.8268,False,(2.0, 1.0, 2.0),4.007081,True,(0.0, 0.0, 0.0),0,0,False,(0.0, 0.0, 0.0),0,0,False,(0.0, 0.0, 0.0),0,0,False,(2.0, 2.0, 0.0),4.834824,False,(0.0, 0.0, 0.0),0,0,False,(0.0, 0.0, 0.0),0,0,False,(0.0, 0.0, 0.0),0,0,False,0
(1.0, 2.0, 0.0),3.587753,True,(0.0, 0.0, 0.0),0,0,True,(0.0, 0.0, 0.0),0,0,False,(1.0, 1.0, 1.0),451.2508,665.7475,False,(1.0, 2.0, 2.0),2.444525,False,(0.0, 0.0, 0.0),0,0,False,(0.0, 0.0, 0.0),0,0,False,(0.0, 0.0, 0.0),0,0,False,(2.0, 1.0, 0.0),3.338052,False,(0.0, 0.0, 0.0),0,0,False,(0.0, 0.0, 0.0),0,0,True,(0.0, 0.0, -1.0),692.2554,548.8268,False,(2.0, 1.0, 2.0),4.007081,True,(0.0, 0.0, 0.0),0,0,False,(0.0, 0.0, 0.0),0,0,False,(0.0, 0.0, 0.0),0,0,False,(2.0, 2.0, 0.0),4.834824,False,(0.0, 0.0, 0.0),0,0,False,(0.0, 0.0, 0.0),0,0,False,(0.0, 0.0, 0.0),0,0,False,0
(1.0, 2.0, 0.0),3.587753,False,(0.0, 0.0, 0.0),0,0,True,(0.0, 0.0, 0.0),0,0,False,(1.0, 1.0, 1.0),451.2508,665.7475,False,(1.0, 2.0, 2.0),2.444525,True,(0.0, 0.0, 0.0),0,0,False,(0.0, 0.0, 0.0),0,0,False,(0.0, 0.0, 0.0),0,0,False,(2.0, 1.0, 0.0),4.339617,False,(0.0, 0.0, 0.0),0,0,False,(0.0, 0.0, 0.0),0,0,True,(0.0, 0.0, -1.0),291.6412,548.8268,False,(2.0, 1.0, 2.0),4.007081,True,(0.0, 0.0, 0.0),0,0,False,(0.0, 0.0, 0.0),0,0,False,(0.0, 0.0, 0.0),0,0,False,(2.0, 2.0, 0.0),4.834824,False,(0.0, 0.0, 0.0),0,0,False,(0.0, 0.0, 0.0),0,0,False,(0.0, 0.0, 0.0),0,0,False,0
(1.0, 2.0, 0.0),3.587753,False,(0.0, 0.0, 0.0),0,0,True,(0.0, 0.0, 0.0),0,0,False,(1.0, 1.0, 1.0),451.2508,665.7475,False,(1.0, 2.0, 2.0),2.444525,False,(0.0, 0.0, 0.0),0,0,False,(0.0, 0.0, 0.0),0,0,False,(0.0, 0.0, 0.0),0,0,False,(2.0, 1.0, 0.0),4.339617,False,(0.0, 0.0, 0.0),0,0,False,(0.0, 0.0, 0.0),0,0,True,(0.0, -1.0, -1.0),275.5796,548.8268,False,(2.0, 1.0, 2.0),4.007081,True,(0.0, 0.0, 0.0),0,0,False,(0.0, 0.0, 0.0),0,0,False,(0.0, 0.0, 0.0),0,0,False,(2.0, 2.0, 0.0),4.834824,False,(0.0, 0.0, 0.0),0,0,False,(0.0, 0.0, 0.0),0,0,False,(0.0, 0.0, 0.0),0,0,False,3.559073
(1.0, 2.0, 0.0),3.587753,False,(0.0, 0.0, 0.0),0,0,True,(0.0, 0.0, 0.0),0,0,False,(-1.0, 0.0, 0.0),451.2508,665.7475,False,(1.0, 2.0, 2.0),2.444525,False,(0.0, 0.0, 0.0),0,0,False,(0.0, 0.0, 0.0),0,0,False,(0.0, 0.0, 0.0),0,0,False,(2.0, 1.0, 0.0),2.67756,True,(0.0, 0.0, 0.0),0,0,False,(0.0, 0.0, 0.0),0,0,True,(0.0, 0.0, -1.0),291.6412,548.8268,False,(2.0, 1.0, 2.0),4.007081,True,(0.0, 0.0, 0.0),0,0,False,(0.0, 0.0, 0.0),0,0,False,(0.0, 0.0, 0.0),0,0,False,(2.0, 2.0, 0.0),4.651364,False,(0.0, 0.0, 0.0),0,0,False,(0.0, 0.0, 0.0),0,0,False,(0.0, 0.0, 0.0),0,0,False,0
(1.0, 2.0, 0.0),3.587753,False,(0.0, 0.0, 0.0),0,0,True,(0.0, 0.0, 0.0),0,0,False,(1.0, 1.0, 1.0),451.2508,665.7475,False,(1.0, 2.0, 2.0),2.444525,False,(0.0, 0.0, 0.0),0,0,False,(0.0, 0.0, 0.0),0,0,False,(0.0, 0.0, 0.0),0,0,False,(2.0, 1.0, 0.0),4.339617,False,(0.0, 0.0, 0.0),0,0,False,(0.0, 0.0, 0.0),0,0,True,(0.0, 0.0, -1.0),291.6412,548.8268,False,(2.0, 1.0, 2.0),4.007081,True,(0.0, 0.0, 0.0),0,0,False,(0.0, 0.0, 0.0),0,0,False,(0.0, 0.0, 0.0),0,0,False,(2.0, 2.0, 0.0),4.834824,False,(0.0, 0.0, 0.0),0,0,False,(0.0, 0.0, 0.0),0,0,False,(0.0, 0.0, 0.0),0,0,False,32.38727
(1.0, 2.0, 0.0),3.587753,False,(0.0, 0.0, 0.0),0,0,True,(0.0, 0.0, 0.0),0,0,False,(1.0, 1.0, 1.0),451.2508,665.7475,False,(1.0, 2.0, 2.0),2.444525,False,(0.0, 0.0, 0.0),0,0,False,(0.0, 0.0, 0.0),0,0,False,(0.0, 0.0, 0.0),0,0,False,(2.0, 1.0, 0.0),4.339617,False,(0.0, 0.0, 0.0),0,0,False,(0.0, 0.0, 0.0),0,0,True,(0.0, 0.0, -1.0),291.6412,548.8268,False,(2.0, 1.0, 2.0),4.007081,True,(0.0, 0.0, 0.0),0,0,False,(0.0, 0.0, 0.0),0,0,False,(0.0, 0.0, 0.0),0,0,False,(2.0, 2.0, 0.0),4.82514,False,(0.0, 0.0, 0.0),0,0,False,(0.0, 0.0, 0.0),0,0,False,(0.0, 0.0, 0.0),0,0,False,0
(1.0, 2.0, 0.0),3.587753,False,(0.0, 0.0, 0.0),0,0,True,(0.0, 0.0, 0.0),0,0,False,(1.0, 1.0, 1.0),451.2508,665.7475,False,(1.0, 2.0, 2.0),2.444525,False,(0.0, 0.0, 0.0),0,0,False,(0.0, 0.0, 0.0),0,0,False,(0.0, 0.0, 0.0),0,0,False,(2.0, 1.0, 0.0),4.339617,True,(0.0, 0.0, 0.0),0,0,False,(0.0, 0.0, 0.0),0,0,True,(0.0, 0.0, -1.0),291.6412,548.8268,False,(2.0, 1.0, 2.0),4.007081,False,(0.0, 0.0, 0.0),0,0,False,(0.0, 0.0, 0.0),0,0,False,(0.0, 0.0, 0.0),0,0,False,(2.0, 2.0, 0.0),4.834824,False,(0.0, 0.0, 0.0),0,0,False,(0.0, 0.0, 0.0),0,0,False,(0.0, 0.0, 0.0),0,0,False,0
(1.0, 2.0, 0.0),2.445719,False,(0.0, 0.0, 0.0),0,0,True,(0.0, 0.0, 0.0),0,0,False,(1.0, 1.0, 1.0),451.2508,665.7475,False,(1.0, 2.0, 2.0),2.444525,False,(0.0, 0.0, 0.0),0,0,False,(0.0, 0.0, 0.0),0,0,False,(0.0, 0.0, 0.0),0,0,False,(2.0, 1.0, 0.0),4.339617,False,(0.0, 0.0, 0.0),0,0,False,(0.0, 0.0, 0.0),0,0,True,(1.0, 1.0, 0.0),291.6412,548.8268,False,(2.0, 1.0, 2.0),4.007081,True,(0.0, 0.0, 0.0),0,0,False,(0.0, 0.0, 0.0),0,0,False,(0.0, 0.0, 0.0),0,0,False,(2.0, 2.0, 0.0),4.834824,False,(0.0, 0.0, 0.0),0,0,False,(0.0, 0.0, 0.0),0,0,False,(0.0, 0.0, 0.0),0,0,False,0
(1.0, 2.0, 0.0),3.587753,False,(0.0, 0.0, 0.0),0,0,True,(0.0, 0.0, 0.0),0,0,False,(1.0, 1.0, 1.0),597.4992,665.7475,False,(1.0, 2.0, 2.0),2.444525,False,(0.0, 0.0, 0.0),0,0,False,(0.0, 0.0, 0.0),0,0,False,(0.0, 0.0, 0.0),0,0,False,(2.0, 1.0, 0.0),4.339617,False,(0.0, 0.0, 0.0),0,0,False,(0.0, 0.0, 0.0),0,0,True,(0.0, 0.0, -1.0),291.6412,548.8268,False,(2.0, 1.0, 2.0),4.007081,True,(0.0, 0.0, 0.0),0,0,False,(0.0, 0.0, 0.0),0,0,False,(0.0, 0.0, 0.0),0,0,False,(2.0, 2.0, 0.0),4.834824,False,(0.0, 0.0, 0.0),0,0,False,(0.0, 0.0, 0.0),0,0,False,(0.0, 0.0, 0.0),0,0,False,34.68834
(1.0, 2.0, 0.0),3.587753,False,(0.0, 0.0, 0.0),0,0,True,(0.0, 0.0, 0.0),0,0,False,(-1.0, 1.0, 0.0),451.2508,665.7475,False,(1.0, 2.0, 2.0),2.444525,False,(0.0, 0.0, 0.0),0,0,False,(0.0, 0.0, 0.0),0,0,False,(0.0, 0.0, 0.0),0,0,False,(2.0, 1.0, 0.0),4.339617,False,(0.0, 0.0, 0.0),0,0,False,(0.0, 0.0, 0.0),0,0,True,(0.0, 0.0, -1.0),291.6412,548.8268,False,(2.0, 1.0, 2.0),4.007081,True,(0.0, 0.0, 0.0),0,0,False,(0.0, 0.0, 0.0),0,0,False,(0.0, 0.0, 0.0),0,0,False,(2.0, 2.0, 0.0),4.834824,False,(0.0, 0.0, 0.0),0,0,False,(0.0, 0.0, 0.0),0,0,False,(0.0, 0.0, 0.0),0,0,False,0
(1.0, 2.0, 0.0),3.587753,True,(0.0, 0.0, 0.0),0,0,True,(0.0, 0.0, 0.0),0,0,False,(1.0, 1.0, 1.0),451.2508,665.7475,False,(1.0, 2.0, 2.0),2.444525,False,(0.0, 0.0, 0.0),0,0,False,(0.0, 0.0, 0.0),0,0,False,(0.0, 0.0, 0.0),0,0,False,(2.0, 1.0, 0.0),4.339617,False,(0.0, 0.0, 0.0),0,0,False,(0.0, 0.0, 0.0),0,0,True,(0.0, 0.0, -1.0),291.6412,548.8268,False,(2.0, 1.0, 2.0),4.007081,False,(0.0, 0.0, 0.0),0,0,False,(0.0, 0.0, 0.0),0,0,False,(0.0, 0.0, 0.0),0,0,False,(2.0, 2.0, 0.0),4.834824,False,(0.0, 0.0, 0.0),0,0,False,(0.0, 0.0, 0.0),0,0,False,(0.0, 0.0, 0.0),0,0,False,0
(1.0, 2.0, 0.0),3.587753,False,(0.0, 0.0, 0.0),0,0,True,(0.0, 0.0, 0.0),0,0,False,(1.0, 1.0, 1.0),724.9157,665.7475,False,(1.0, 2.0, 2.0),2.444525,False,(0.0, 0.0, 0.0),0,0,False,(0.0, 0.0, 0.0),0,0,False,(0.0, 0.0, 0.0),0,0,False,(2.0, 1.0, 0.0),4.339617,False,(0.0, 0.0, 0.0),0,0,False,(0.0, 0.0, 0.0),0,0,True,(0.0, 0.0, -1.0),291.6412,548.8268,False,(2.0, 1.0, 2.0),4.007081,True,(0.0, 0.0, 0.0),0,0,False,(0.0, 0.0, 0.0),0,0,False,(0.0, 0.0, 0.0),0,0,False,(2.0, 2.0, 0.0),4.834824,False,(0.0, 0.0, 0.0),0,0,False,(0.0, 0.0, 0.0),0,0,False,(0.0, 0.0, 0.0),0,0,False,7.102222
(1.0, 2.0, 0.0),3.587753,False,(0.0, 0.0, 0.0),0,0,True,(0.0, 0.0, 0.0),0,0,False,(1.0, 1.0, 1.0),451.2508,665.7475,False,(1.0, 2.0, 2.0),2.444525,False,(0.0, 0.0, 0.0),0,0,False,(0.0, 0.0, 0.0),0,0,False,(0.0, 0.0, 0.0),0,0,False,(2.0, 1.0, 0.0),4.339617,False,(0.0, 0.0, 0.0),0,0,False,(0.0, 0.0, 0.0),0,0,True,(0.0, 0.0, -1.0),291.6412,548.8268,False,(2.0, 1.0, 2.0),4.007081,True,(0.0, 0.0, 0.0),0,0,False,(0.0, 0.0, 0.0),0,0,False,(0.0, 0.0, 0.0),0,0,False,(2.0, 2.0, 0.0),2.726249,False,(0.0, 0.0, 0.0),0,0,False,(0.0, 0.0, 0.0),0,0,False,(0.0, 0.0, 0.0),0,0,False,13.4857
(1.0, 2.0, 0.0),3.587753,False,(0.0, 0.0, 0.0),0,0,True,(0.0, 0.0, 0.0),0,0,False,(1.0, 1.0, 1.0),597.4992,665.7475,False,(1.0, 2.0, 2.0),2.444525,False,(0.0, 0.0, 0.0),0,0,False,(0.0, 0.0, 0.0),0,0,False,(0.0, 0.0, 0.0),0,0,False,(2.0, 1.0, 0.0),4.339617,False,(0.0, 0.0, 0.0),0,0,False,(0.0, 0.0, 0.0),0,0,True,(0.0, 0.0, -1.0),291.6412,548.8268,False,(2.0, 1.0, 2.0),4.007081,True,(0.0, 0.0, 0.0),0,0,False,(0.0, 0.0, 0.0),0,0,False,(0.0, 0.0, 0.0),0,0,False,(2.0, 2.0, 0.0),4.834824,False,(0.0, 0.0, 0.0),0,0,False,(0.0, 0.0, 0.0),0,0,False,(0.0, 0.0, 0.0),0,0,False,3.416788
(1.0, 2.0, 0.0),3.587753,False,(0.0, 0.0, 0.0),0,0,True,(0.0, 0.0, 0.0),0,0,False,(1.0, 1.0, 1.0),597.4992,665.7475,False,(1.0, 2.0, 2.0),2.444525,False,(0.0, 0.0, 0.0),0,0,False,(0.0, 0.0, 0.0),0,0,False,(0.0, 0.0, 0.0),0,0,False,(2.0, 1.0, 0.0),4.339617,False,(0.0, 0.0, 0.0),0,0,False,(0.0, 0.0, 0.0),0,0,True,(0.0, 0.0, -1.0),291.6412,548.8268,False,(2.0, 1.0, 2.0),4.007081,True,(0.0, 0.0, 0.0),0,0,False,(0.0, 0.0, 0.0),0,0,False,(0.0, 0.0, 0.0),0,0,False,(2.0, 2.0, 0.0),4.834824,False,(0.0, 0.0, 0.0),0,0,False,(0.0, 0.0, 0.0),0,0,False,(0.0, 0.0, 0.0),0,0,False,35.28629
(1.0, 2.0, 0.0),3.587753,False,(0.0, 0.0, 0.0),0,0,True,(0.0, 0.0, 0.0),0,0,False,(1.0, 1.0, 1.0),597.4992,665.7475,False,(1.0, 2.0, 2.0),2.444525,False,(0.0, 0.0, 0.0),0,0,False,(0.0, 0.0, 0.0),0,0,False,(0.0, 0.0, 0.0),0,0,False,(2.0, 1.0, 0.0),4.339617,False,(0.0, 0.0, 0.0),0,0,False,(0.0, 0.0, 0.0),0,0,True,(0.0, 0.0, -1.0),291.6412,548.8268,False,(2.0, 1.0, 2.0),4.007081,True,(0.0, 0.0, 0.0),0,0,False,(0.0, 0.0, 0.0),0,0,False,(0.0, 0.0, 0.0),0,0,False,(2.0, 2.0, 0.0),4.834824,False,(0.0, 0.0, 0.0),0,0,False,(0.0, 0.0, 0.0),0,0,False,(0.0, 0.0, 0.0),0,0,False,0
(1.0, 2.0, 0.0),3.587753,False,(0.0, 0.0, 0.0),0,0,True,(0.0, 0.0, 0.0),0,0,False,(1.0, 1.0, 1.0),597.4992,665.7475,False,(1.0, 2.0, 2.0),2.444525,False,(0.0, 0.0, 0.0),0,0,False,(0.0, 0.0, 0.0),0,0,False,(0.0, 0.0, 0.0),0,0,False,(2.0, 1.0, 0.0),4.339617,False,(0.0, 0.0, 0.0),0,0,False,(0.0, 0.0, 0.0),0,0,True,(0.0, 0.0, -1.0),291.6412,548.8268,False,(2.0, 1.0, 2.0),4.007081,True,(0.0, 0.0, 0.0),0,0,False,(0.0, 0.0, 0.0),0,0,False,(0.0, 0.0, 0.0),0,0,False,(2.0, 2.0, 0.0),4.834824,False,(0.0, 0.0, 0.0),0,0,False,(0.0, 0.0, 0.0),0,0,False,(0.0, 0.0, 0.0),0,0,False,34.24453
(1.0, 2.0, 0.0),3.587753,False,(0.0, 0.0, 0.0),0,0,True,(0.0, 0.0, 0.0),0,0,False,(1.0, 1.0, 1.0),597.4992,665.7475,False,(1.0, 2.0, 2.0),2.433101,False,(0.0, 0.0, 0.0),0,0,False,(0.0, 0.0, 0.0),0,0,False,(0.0, 0.0, 0.0),0,0,False,(2.0, 1.0, 0.0),4.339617,False,(0.0, 0.0, 0.0),0,0,False,(0.0, 0.0, 0.0),0,0,True,(0.0, 0.0, -1.0),291.6412,548.8268,False,(2.0, 1.0, 2.0),4.007081,True,(0.0, 0.0, 0.0),0,0,False,(0.0, 0.0, 0.0),0,0,False,(0.0, 0.0, 0.0),0,0,False,(2.0, 2.0, 0.0),4.834824,False,(0.0, 0.0, 0.0),0,0,False,(0.0, 0.0, 0.0),0,0,False,(0.0, 0.0, 0.0),0,0,False,9.198813
(1.0, 2.0, 0.0),3.587753,False,(0.0, 0.0, 0.0),0,0,True,(0.0, 0.0, 0.0),0,0,False,(-1.0, 0.0, -1.0),597.4992,665.7475,False,(1.0, 2.0, 2.0),3.893351,False,(0.0, 0.0, 0.0),0,0,False,(0.0, 0.0, 0.0),0,0,False,(0.0, 0.0, 0.0),0,0,False,(2.0, 1.0, 0.0),4.339617,False,(0.0, 0.0, 0.0),0,0,False,(0.0, 0.0, 0.0),0,0,True,(0.0, 0.0, -1.0),291.6412,548.8268,False,(2.0, 1.0, 2.0),2.677587,True,(0.0, 0.0, 0.0),0,0,False,(0.0, 0.0, 0.0),0,0,False,(0.0, 0.0, 0.0),0,0,False,(2.0, 2.0, 0.0),4.834824,False,(0.0, 0.0, 0.0),0,0,False,(0.0, 0.0, 0.0),0,0,False,(0.0, 0.0, 0.0),0,0,False,16.59672
(1.0, 2.0, 0.0),3.347478,True,(0.0, 0.0, 0.0),0,0,True,(0.0, 0.0, 0.0),0,0,False,(1.0, 1.0, 1.0),597.4992,665.7475,False,(1.0, 2.0, 2.0),2.444525,True,(0.0, 0.0, 0.0),0,0,False,(0.0, 0.0, 0.0),0,0,False,(0.0, 0.0, 0.0),0,0,False,(2.0, 1.0, 0.0),4.339617,False,(0.0, 0.0, 0.0),0,0,False,(0.0, 0.0, 0.0),0,0,True,(0.0, 0.0, -1.0),291.6412,548.8268,False,(2.0, 1.0, 2.0),4.007081,True,(0.0, 0.0, 0.0),0,0,False,(0.0, 0.0, 0.0),0,0,False,(0.0, 0.0, 0.0),0,0,False,(2.0, 2.0, 0.0),4.834824,False,(0.0, 0.0, 0.0),0,0,False,(0.0, 0.0, 0.0),0,0,False,(0.0, 0.0, 0.0),0,0,False,0
(1.0, 2.0, 0.0),3.587753,True,(0.0, 0.0, 0.0),0,0,True,(0.0, 0.0, 0.0),0,0,False,(1.0, 1.0, 1.0),597.4992,665.7475,False,(1.0, 2.0, 2.0),2.444525,False,(0.0, 0.0, 0.0),0,0,False,(0.0, 0.0, 0.0),0,0,False,(0.0, 0.0, 0.0),0,0,False,(2.0, 1.0, 0.0),4.339617,False,(0.0, 0.0, 0.0),0,0,False,(0.0, 0.0, 0.0),0,0,True,(0.0, 0.0, -1.0),291.6412,548.8268,False,(2.0, 1.0, 2.0),4.007081,True,(0.0, 0.0, 0.0),0,0,False,(0.0, 0.0, 0.0),0,0,False,(0.0, 0.0, 0.0),0,0,False,(2.0, 2.0, 0.0),4.834824,False,(0.0, 0.0, 0.0),0,0,False,(0.0, 0.0, 0.0),0,0,False,(0.0, 0.0, 0.0),0,0,False,0
(1.0, 2.0, 0.0),4.413645,False,(0.0, 0.0, 0.0),0,0,True,(0.0, 0.0, 0.0),0,0,False,(1.0, 1.0, 1.0),597.4992,665.7475,False,(1.0, 2.0, 2.0),2.444525,False,(0.0, 0.0, 0.0),0,0,False,(0.0, 0.0, 0.0),0,0,False,(0.0, 0.0, 0.0),0,0,False,(2.0, 1.0, 0.0),4.339617,False,(0.0, 0.0, 0.0),0,0,False,(0.0, 0.0, 0.0),0,0,True,(0.0, 0.0, -1.0),291.6412,548.8268,False,(2.0, 1.0, 2.0),4.007081,True,(0.0, 0.0, 0.0),0,0,False,(0.0, 0.0, 0.0),0,0,False,(0.0, 0.0, 0.0),0,0,False,(2.0, 2.0, 0.0),4.834824,False,(0.0, 0.0, 0.0),0,0,False,(0.0, 0.0, 0.0),0,0,False,(0.0, 0.0, 0.0),0,0,False,7.706582
(1.0, 2.0, 0.0),3.587753,False,(0.0, 0.0, 0.0),0,0,True,(0.0, 0.0, 0.0),0,0,False,(1.0, 1.0, 1.0),597.4992,665.7475,False,(1.0, 2.0, 2.0),2.444525,False,(0.0, 0.0, 0.0),0,0,False,(0.0, 0.0, 0.0),0,0,False,(0.0, 0.0, 0.0),0,0,False,(2.0, 1.0, 0.0),4.339617,False,(0.0, 0.0, 0.0),0,0,False,(0.0, 0.0, 0.0),0,0,True,(0.0, 0.0, -1.0),291.6412,548.8268,False,(2.0, 1.0, 2.0),4.007081,True,(0.0, 0.0, 0.0),0,0,False,(0.0, 0.0, 0.0),0,0,False,(0.0, 0.0, 0.0),0,0,False,(2.0, 2.0, 0.0),4.834824,False,(0.0, 0.0, 0.0),0,0,False,(0.0, 0.0, 0.0),0,0,False,(0.0, 0.0, 0.0),0,0,False,53.52768
(1.0, 2.0, 0.0),3.587753,False,(0.0, 0.0, 0.0),0,0,True,(0.0, 0.0, 0.0),0,0,False,(1.0, 1.0, 1.0),597.4992,665.7475,False,(1.0, 2.0, 2.0),2.444525,False,(0.0, 0.0, 0.0),0,0,False,(0.0, 0.0, 0.0),0,0,False,(0.0, 0.0, 0.0),0,0,False,(2.0, 1.0, 0.0),4.339617,False,(0.0, 0.0, 0.0),0,0,False,(0.0, 0.0, 0.0),0,0,True,(0.0, 0.0, -1.0),291.6412,548.8268,False,(2.0, 1.0, 2.0),4.007081,True,(0.0, 0.0, 0.0),0,0,False,(0.0, 0.0, 0.0),0,0,False,(0.0, 0.0, 0.0),0,0,False,(2.0, 2.0, 0.0),4.834824,False,(0.0, 0.0, 0.0),0,0,False,(0.0, 0.0, 0.0),0,0,False,(0.0, 0.0, 0.0),0,0,False,44.43387
(1.0, 2.0, 0.0),3.587753,False,(0.0, 0.0, 0.0),0,0,True,(0.0, 0.0, 0.0),0,0,False,(1.0, 1.0, 1.0),597.4992,665.7475,False,(1.0, 2.0, 2.0),2.444525,False,(0.0, 0.0, 0.0),0,0,False,(0.0, 0.0, 0.0),0,0,False,(0.0, 0.0, 0.0),0,0,False,(2.0, 1.0, 0.0),4.339617,False,(0.0, 0.0, 0.0),0,0,False,(0.0, 0.0, 0.0),0,0,True,(0.0, 0.0, -1.0),291.6412,548.8268,False,(2.0, 1.0, 2.0),4.007081,True,(0.0, 0.0, 0.0),0,0,False,(0.0, 0.0, 0.0),0,0,False,(0.0, 0.0, 0.0),0,0,False,(2.0, 2.0, 0.0),4.834824,False,(0.0, 0.0, 0.0),0,0,False,(0.0, 0.0, 0.0),0,0,False,(0.0, 0.0, 0.0),0,0,False,5.479003
(1.0, 2.0, 0.0),3.587753,False,(0.0, 0.0, 0.0),0,0,True,(0.0, 0.0, 0.0),0,0,False,(1.0, 1.0, 1.0),597.4992,665.7475,False,(1.0, 2.0, 2.0),2.444525,True,(0.0, 0.0, 0.0),0,0,False,(0.0, 0.0, 0.0),0,0,False,(0.0, 0.0, 0.0),0,0,False,(2.0, 1.0, 0.0),4.339617,False,(0.0, 0.0, 0.0),0,0,False,(0.0, 0.0, 0.0),0,0,True,(0.0, 0.0, -1.0),291.6412,548.8268,False,(2.0, 1.0, 2.0),4.007081,True,(0.0, 0.0, 0.0),0,0,False,(0.0, 0.0, 0.0),0,0,False,(0.0, 0.0, 0.0),0,0,False,(2.0, 2.0, 0.0),4.834824,False,(0.0, 0.0, 0.0),0,0,False,(0.0, 0.0, 0.0),0,0,False,(0.0, 0.0, 0.0),0,0,False,0
(1.0, 2.0, 0.0),3.587753,True,(0.0, 0.0, 0.0),0,0,True,(0.0, 0.0, 0.0),0,0,False,(1.0, 1.0, 1.0),597.4992,665.7475,False,(1.0, 2.0, 2.0),2.444525,False,(0.0, 0.0, 0.0),0,0,False,(0.0, 0.0, 0.0),0,0,False,(0.0, 0.0, 0.0),0,0,False,(2.0, 1.0, 0.0),4.339617,False,(0.0, 0.0, 0.0),0,0,False,(0.0, 0.0, 0.0),0,0,True,(0.0, 0.0, -1.0),291.6412,548.8268,False,(2.0, 1.0, 2.0),4.007081,True,(0.0, 0.0, 0.0),0,0,False,(0.0, 0.0, 0.0),0,0,False,(0.0, 0.0, 0.0),0,0,False,(2.0, 2.0, 0.0),4.834824,False,(0.0, 0.0, 0.0),0,0,False,(0.0, 0.0, 0.0),0,0,False,(0.0, 0.0, 0.0),0,0,False,0
(1.0, 2.0, 0.0),3.587753,False,(0.0, 0.0, 0.0),0,0,True,(0.0, 0.0, 0.0),0,0,False,(1.0, 1.0, 1.0),597.4992,665.7475,False,(1.0, 2.0, 2.0),2.444525,False,(0.0, 0.0, 0.0),0,0,False,(0.0, 0.0, 0.0),0,0,False,(0.0, 0.0, 0.0),0,0,False,(2.0, 1.0, 0.0),4.339617,False,(0.0, 0.0, 0.0),0,0,False,(0.0, 0.0, 0.0),0,0,True,(0.0, 0.0, -1.0),291.6412,548.8268,False,(2.0, 1.0, 2.0),4.007081,False,(0.0, 0.0, 0.0),0,0,False,(0.0, 0.0, 0.0),0,0,False,(0.0, 0.0, 0.0),0,0,False,(2.0, 2.0, 0.0),4.834824,False,(0.0, 0.0, 0.0),0,0,False,(0.0, 0.0, 0.0),0,0,False,(0.0, 0.0, 0.0),0,0,False,0
(1.0, 2.0, 0.0),3.587753,False,(0.0, 0.0, 0.0),0,0,True,(0.0, 0.0, 0.0),0,0,False,(1.0, 1.0, 1.0),597.4992,705.8255,False,(1.0, 2.0, 2.0),2.444525,False,(0.0, 0.0, 0.0),0,0,False,(0.0, 0.0, 0.0),0,0,False,(0.0, 0.0, 0.0),0,0,False,(2.0, 1.0, 0.0),4.339617,False,(0.0, 0.0, 0.0),0,0,False,(0.0, 0.0, 0.0),0,0,True,(0.0, 0.0, 1.0),291.6412,678.1951,False,(2.0, 1.0, 2.0),4.007081,True,(0.0, 0.0, 0.0),0,0,False,(0.0, 0.0, 0.0),0,0,False,(0.0, 0.0, 0.0),0,0,False,(2.0, 2.0, 0.0),4.834824,False,(0.0, 0.0, 0.0),0,0,False,(0.0, 0.0, 0.0),0,0,False,(0.0, 0.0, 0.0),0,0,False,0
(1.0, 2.0, 0.0),3.587753,False,(0.0, 0.0, 0.0),0,0,True,(0.0, 0.0, 0.0),0,0,False,(1.0, 1.0, 1.0),597.4992,665.7475,False,(1.0, 2.0, 2.0),2.444525,False,(0.0, 0.0, 0.0),0,0,False,(0.0, 0.0, 0.0),0,0,False,(0.0, 0.0, 0.0),0,0,False,(2.0, 1.0, 0.0),4.339617,False,(0.0, 0.0, 0.0),0,0,False,(0.0, 0.0, 0.0),0,0,True,(0.0, 0.0, -1.0),291.6412,616.2601,False,(2.0, 1.0, 2.0),3.450552,True,(0.0, 0.0, 0.0),0,0,False,(0.0, 0.0, 0.0),0,0,False,(0.0, 0.0, 0.0),0,0,False,(2.0, 2.0, 0.0),3.248526,False,(0.0, 0.0, 0.0),0,0,False,(0.0, 0.0, 0.0),0,0,False,(0.0, 0.0, 0.0),0,0,False,20.18771
(1.0, 2.0, 0.0),3.913359,False,(0.0, 0.0, 0.0),0,0,True,(0.0, 0.0, 0.0),0,0,False,(1.0, 1.0, 1.0),597.4992,665.7475,False,(1.0, 2.0, 2.0),3.044714,False,(0.0, 0.0, 0.0),0,0,False,(0.0, 0.0, 0.0),0,0,False,(0.0, 0.0, 0.0),0,0,False,(2.0, 1.0, 0.0),4.339617,False,(0.0, 0.0, 0.0),0,0,False,(0.0, 0.0, 0.0),0,0,True,(0.0, 0.0, -1.0),291.6412,548.8268,False,(2.0, 1.0, 2.0),3.75661,True,(0.0, 0.0, 0.0),0,0,False,(0.0, 0.0, 0.0),0,0,False,(0.0, 0.0, 0.0),0,0,False,(2.0, 2.0, 0.0),4.834824,False,(0.0, 0.0, 0.0),0,0,False,(0.0, 0.0, 0.0),0,0,False,(0.0, 0.0, 0.0),0,0,False,58.3175
(1.0, 2.0, 0.0),3.913359,False,(0.0, 0.0, 0.0),0,0,True,(0.0, 0.0, 0.0),0,0,False,(1.0, 1.0, 1.0),597.4992,665.7475,False,(1.0, 2.0, 2.0),3.044714,False,(0.0, 0.0, 0.0),0,0,False,(0.0, 0.0, 0.0),0,0,False,(0.0, 0.0, 0.0),0,0,False,(2.0, 1.0, 0.0),4.339617,False,(0.0, 0.0, 0.0),0,0,False,(0.0, 0.0, 0.0),0,0,True,(0.0, 0.0, -1.0),291.6412,548.8268,False,(2.0, 1.0, 2.0),3.75661,True,(0.0, 0.0, 0.0),0,0,False,(0.0, 0.0, 0.0),0,0,False,(0.0, 0.0, 0.0),0,0,False,(2.0, 2.0, 0.0),4.834824,False,(0.0, 0.0, 0.0),0,0,False,(0.0, 0.0, 0.0),0,0,False,(0.0, 0.0, 0.0),0,0,False,0
(1.0, 2.0, 0.0),3.913359,True,(0.0, 0.0, 0.0),0,0,True,(0.0, 0.0, 0.0),0,0,False,(1.0, 1.0, 1.0),597.4992,665.7475,False,(1.0, 2.0, 2.0),3.044714,False,(0.0, 0.0, 0.0),0,0,False,(0.0, 0.0, 0.0),0,0,False,(0.0, 0.0, 0.0),0,0,False,(2.0, 1.0, 0.0),4.341364,False,(0.0, 0.0, 0.0),0,0,False,(0.0, 0.0, 0.0),0,0,True,(1.0, 0.0, 0.0),291.6412,542.2866,False,(2.0, 1.0, 2.0),3.75661,True,(0.0, 0.0, 0.0),0,0,False,(0.0, 0.0, 0.0),0,0,False,(0.0, 0.0, 0.0),0,0,False,(2.0, 2.0, 0.0),4.834824,False,(0.0, 0.0, 0.0),0,0,False,(0.0, 0.0, 0.0),0,0,False,(0.0, 0.0, 0.0),0,0,False,0
(1.0, 2.0, 0.0),3.913359,False,(0.0, 0.0, 0.0),0,0,True,(0.0, 0.0, 0.0),0,0,False,(1.0, 1.0, 1.0),597.4992,665.7475,False,(1.0, 2.0, 2.0),3.044714,False,(0.0, 0.0, 0.0),0,0,False,(0.0, 0.0, 0.0),0,0,False,(0.0, 0.0, 0.0),0,0,False,(2.0, 1.0, 0.0),4.339617,False,(0.0, 0.0, 0.0),0,0,False,(0.0, 0.0, 0.0),0,0,True,(0.0, 0.0, -1.0),291.6412,548.8268,False,(2.0, 1.0, 2.0),3.75661,True,(0.0, 0.0, 0.0),0,0,False,(0.0, 0.0, 0.0),0,0,False,(0.0, 0.0, 0.0),0,0,False,(2.0, 2.0, 0.0),4.834824,False,(0.0, 0.0, 0.0),0,0,False,(0.0, 0.0, 0.0),0,0,False,(0.0, 0.0, 0.0),0,0,False,4.048366
(1.0, 2.0, 0.0),4.72604,False,(0.0, 0.0, 0.0),0,0,True,(0.0, 0.0, 0.0),0,0,False,(1.0, 1.0, 1.0),595.4578,665.7475,False,(1.0, 2.0, 2.0),3.044714,True,(0.0, 0.0, 0.0),0,0,False,(0.0, 0.0, 0.0),0,0,False,(0.0, 0.0, 0.0),0,0,False,(2.0, 1.0, 0.0),4.339617,False,(0.0, 0.0, 0.0),0,0,False,(0.0, 0.0, 0.0),0,0,True,(0.0, 0.0, -1.0),291.6412,548.8268,False,(2.0, 1.0, 2.0),3.75661,True,(0.0, 0.0, 0.0),0,0,False,(0.0, 0.0, 0.0),0,0,False,(0.0, 0.0, 0.0),0,0,False,(2.0, 2.0, 0.0),4.834824,False,(0.0, 0.0, 0.0),0,0,False,(0.0, 0.0, 0.0),0,0,False,(0.0, 0.0, 0.0),0,0,False,0
(1.0, 2.0, 0.0),3.913359,False,(0.0, 0.0, 0.0),0,0,True,(0.0, 0.0, 0.0),0,0,False,(1.0, 1.0, 1.0),597.4992,665.7475,False,(1.0, 2.0, 2.0),3.044714,False,(0.0, 0.0, 0.0),0,0,False,(0.0, 0.0, 0.0),0,0,False,(0.0, 0.0, 0.0),0,0,False,(2.0, 1.0, 0.0),4.339617,False,(0.0, 0.0, 0.0),0,0,False,(0.0, 0.0, 0.0),0,0,True,(0.0, 0.0, -1.0),291.6412,548.8268,False,(2.0, 1.0, 2.0),3.75661,True,(0.0, 0.0, 0.0),0,0,False,(0.0, 0.0, 0.0),0,0,False,(0.0, 0.0, 0.0),0,0,False,(2.0, 2.0, 0.0),4.834824,False,(0.0, 0.0, 0.0),0,0,False,(0.0, 0.0, 0.0),0,0,False,(0.0, 0.0, 0.0),0,0,False,39.51428
(1.0, 2.0, 0.0),3.913359,False,(0.0, 0.0, 0.0),0,0,True,(0.0, 0.0, 0.0),0,0,False,(1.0, 1.0, 1.0),597.4992,665.7475,False,(1.0, 2.0, 2.0),3.044714,False,(0.0, 0.0, 0.0),0,0,False,(0.0, 0.0, 0.0),0,0,False,(0.0, 0.0, 0.0),0,0,False,(2.0, 1.0, 0.0),4.339617,False,(0.0, 0.0, 0.0),0,0,False,(0.0, 0.0, 0.0),0,0,True,(1.0, -1.0, 1.0),291.6412,548.8268,False,(2.0, 1.0, 2.0),3.75661,True,(0.0, 0.0, 0.0),0,0,False,(0.0, 0.0, 0.0),0,0,False,(0.0, 0.0, 0.0),0,0,False,(2.0, 2.0, 0.0),4.834824,False,(0.0, 0.0, 0.0),0,0,False,(0.0, 0.0, 0.0),0,0,False,(0.0, 0.0, 0.0),0,0,False,0
(1.0, 2.0, 0.0),3.913359,False,(0.0, 0.0, 0.0),0,0,True,(0.0, 0.0, 0.0),0,0,False,(1.0, 1.0, 1.0),597.4992,665.7475,False,(1.0, 2.0, 2.0),3.044714,False,(0.0, 0.0, 0.0),0,0,False,(0.0, 0.0, 0.0),0,0,False,(0.0, 0.0, 0.0),0,0,False,(2.0, 1.0, 0.0),4.339617,False,(0.0, 0.0, 0.0),0,0,False,(0.0, 0.0, 0.0),0,0,True,(0.0, 0.0, -1.0),291.6412,548.8268,False,(2.0, 1.0, 2.0),2.455575,True,(0.0, 0.0, 0.0),0,0,False,(0.0, 0.0, 0.0),0,0,False,(0.0, 0.0, 0.0),0,0,False,(2.0, 2.0, 0.0),4.745775,False,(0.0, 0.0, 0.0),0,0,False,(0.0, 0.0, 0.0),0,0,False,(0.0, 0.0, 0.0),0,0,False,45.28512
(1.0, 2.0, 0.0),3.913359,True,(0.0, 0.0, 0.0),0,0,True,(0.0, 0.0, 0.0),0,0,False,(1.0, 1.0, 1.0),597.4992,665.7475,False,(1.0, 2.0, 2.0),3.044714,False,(0.0, 0.0, 0.0),0,0,False,(0.0, 0.0, 0.0),0,0,False,(0.0, 0.0, 0.0),0,0,False,(2.0, 1.0, 0.0),4.339617,False,(0.0, 0.0, 0.0),0,0,False,(0.0, 0.0, 0.0),0,0,True,(0.0, 0.0, -1.0),291.6412,548.8268,False,(2.0, 1.0, 2.0),3.75661,True,(0.0, 0.0, 0.0),0,0,False,(0.0, 0.0, 0.0),0,0,False,(0.0, 0.0, 0.0),0,0,False,(2.0, 2.0, 0.0),4.834824,False,(0.0, 0.0, 0.0),0,0,False,(0.0, 0.0, 0.0),0,0,False,(0.0, 0.0, 0.0),0,0,False,0
(1.0, 2.0, 0.0),3.913359,False,(0.0, 0.0, 0.0),0,0,True,(0.0, 0.0, 0.0),0,0,False,(1.0, 1.0, 1.0),597.4992,665.7475,False,(1.0, 2.0, 2.0),3.044714,False,(0.0, 0.0, 0.0),0,0,False,(0.0, 0.0, 0.0),0,0,False,(0.0, 0.0, 0.0),0,0,False,(2.0, 1.0, 0.0),4.339617,True,(0.0, 0.0, 0.0),0,0,False,(0.0, 0.0, 0.0),0,0,True,(-1.0, -1.0, -1.0),291.6412,548.8268,False,(2.0, 1.0, 2.0),3.75661,False,(0.0, 0.0, 0.0),0,0,False,(0.0, 0.0, 0.0),0,0,False,(0.0, 0.0, 0.0),0,0,False,(2.0, 2.0, 0.0),4.834824,True,(0.0, 0.0, 0.0),0,0,False,(0.0, 0.0, 0.0),0,0,False,(0.0, 0.0, 0.0),0,0,False,0
(1.0, 2.0, 0.0),3.913359,False,(0.0, 0.0, 0.0),0,0,True,(0.0, 0.0, 0.0),0,0,False,(1.0, 1.0, 1.0),597.4992,665.7475,False,(1.0, 2.0, 2.0),3.044714,False,(0.0, 0.0, 0.0),0,0,False,(0.0, 0.0, 0.0),0,0,False,(0.0, 0.0, 0.0),0,0,False,(2.0, 1.0, 0.0),4.339617,False,(0.0, 0.0, 0.0),0,0,False,(0.0, 0.0, 0.0),0,0,True,(0.0, 0.0, -1.0),291.6412,548.8268,False,(2.0, 1.0, 2.0),2.455575,True,(0.0, 0.0, 0.0),0,0,False,(0.0, 0.0, 0.0),0,0,False,(0.0, 0.0, 0.0),0,0,False,(2.0, 2.0, 0.0),4.745775,False,(0.0, 0.0, 0.0),0,0,False,(0.0, 0.0, 0.0),0,0,False,(0.0, 0.0, 0.0),0,0,False,41.8597
(1.0, 2.0, 0.0),3.913359,False,(0.0, 0.0, 0.0),0,0,True,(0.0, 0.0, 0.0),0,0,False,(1.0, -1.0, 1.0),597.4992,647.9283,False,(1.0, 2.0, 2.0),3.044714,False,(0.0, 0.0, 0.0),0,0,False,(0.0, 0.0, 0.0),0,0,False,(0.0, 0.0, 0.0),0,0,False,(2.0, 1.0, 0.0),4.339617,False,(0.0, 0.0, 0.0),0,0,False,(0.0, 0.0, 0.0),0,0,True,(0.0, 0.0, -1.0),291.6412,548.8268,False,(2.0, 1.0, 2.0),2.455575,True,(0.0, 0.0, 0.0),0,0,False,(0.0, 0.0, 0.0),0,0,False,(0.0, 0.0, 0.0),0,0,False,(2.0, 2.0, 0.0),4.474506,False,(0.0, 0.0, 0.0),0,0,False,(0.0, 0.0, 0.0),0,0,False,(0.0, 0.0, 0.0),0,0,False,76.98568
(1.0, 2.0, 0.0),3.913359,False,(0.0, 0.0, 0.0),0,0,True,(0.0, 0.0, 0.0),0,0,False,(1.0, 1.0, 1.0),597.4992,665.7475,False,(1.0, 2.0, 2.0),4.240652,False,(0.0, 0.0, 0.0),0,0,False,(0.0, 0.0, 0.0),0,0,False,(0.0, 0.0, 0.0),0,0,False,(2.0, 1.0, 0.0),4.339617,True,(0.0, 0.0, 0.0),0,0,False,(0.0, 0.0, 0.0),0,0,True,(0.0, 0.0, -1.0),291.6412,548.8268,False,(2.0, 1.0, 2.0),2.455575,True,(0.0, 0.0, 0.0),0,0,False,(0.0, 0.0, 0.0),0,0,False,(0.0, 0.0, 0.0),0,0,False,(2.0, 2.0, 0.0),4.745775,False,(0.0, 0.0, 0.0),0,0,False,(0.0, 0.0, 0.0),0,0,False,(0.0, 0.0, 0.0),0,0,False,0
(1.0, 2.0, 0.0),3.913359,False,(0.0, 0.0, 0.0),0,0,True,(0.0, 0.0, 0.0),0,0,False,(1.0, 0.0, -1.0),597.4992,698.5858,False,(1.0, 2.0, 2.0),3.044714,False,(0.0, 0.0, 0.0),0,0,False,(0.0, 0.0, 0.0),0,0,False,(0.0, 0.0, 0.0),0,0,False,(2.0, 1.0, 0.0),4.339617,True,(0.0, 0.0, 0.0),0,0,False,(0.0, 0.0, 0.0),0,0,True,(0.0, 0.0, -1.0),291.6412,548.8268,False,(2.0, 1.0, 2.0),2.455575,True,(0.0, 0.0, 0.0),0,0,False,(0.0, 0.0, 0.0),0,0,False,(0.0, 0.0, 0.0),0,0,False,(2.0, 2.0, 0.0),4.745775,False,(0.0, 0.0, 0.0),0,0,False,(0.0, 0.0, 0.0),0,0,False,(0.0, 0.0, 0.0),0,0,False,0
(1.0, 2.0, 0.0),3.913359,False,(0.0, 0.0, 0.0),0,0,True,(0.0, 0.0, 0.0),0,0,False,(1.0, 1.0, 1.0),597.4992,665.7475,False,(1.0, 2.0, 2.0),3.044714,False,(0.0, 0.0, 0.0),0,0,False,(0.0, 0.0, 0.0),0,0,False,(0.0, 0.0, 0.0),0,0,False,(2.0, 1.0, 0.0),4.339617,False,(0.0, 0.0, 0.0),0,0,False,(0.0, 0.0, 0.0),0,0,True,(0.0, 0.0, -1.0),291.6412,548.8268,False,(2.0, 1.0, 2.0),2.455575,True,(0.0, 0.0, 0.0),0,0,False,(0.0, 0.0, 0.0),0,0,False,(0.0, 0.0, 0.0),0,0,False,(2.0, 2.0, 0.0),4.745775,False,(0.0, 0.0, 0.0),0,0,False,(0.0, 0.0, 0.0),0,0,False,(0.0, 0.0, 0.0),0,0,False,47.46342
(1.0, 2.0, 0.0),3.913359,True,(0.0, 0.0, 0.0),0,0,True,(0.0, 0.0, 0.0),0,0,False,(1.0, 1.0, 1.0),478.8021,665.7475,False,(1.0, 2.0, 2.0),3.044714,False,(0.0, 0.0, 0.0),0,0,False,(0.0, 0.0, 0.0),0,0,False,(0.0, 0.0, 0.0),0,0,False,(2.0, 1.0, 0.0),4.339617,False,(0.0, 0.0, 0.0),0,0,False,(0.0, 0.0, 0.0),0,0,True,(0.0, 0.0, -1.0),291.6412,548.8268,False,(2.0, 1.0, 2.0),2.455575,True,(0.0, 0.0, 0.0),0,0,False,(0.0, 0.0, 0.0),0,0,False,(0.0, 0.0, 0.0),0,0,False,(2.0, 2.0, 0.0),4.745775,False,(0.0, 0.0, 0.0),0,0,False,(0.0, 0.0, 0.0),0,0,False,(0.0, 0.0, 0.0),0,0,False,0
(1.0, 2.0, 0.0),3.913359,False,(0.0, 0.0, 0.0),0,0,True,(0.0, 0.0, 0.0),0,0,False,(1.0, 1.0, 1.0),597.4992,545.7646,False,(1.0, 2.0, 2.0),3.044714,True,(0.0, 0.0, 0.0),0,0,False,(0.0, 0.0, 0.0),0,0,False,(0.0, 0.0, 0.0),0,0,False,(2.0, 1.0, 0.0),4.339617,False,(0.0, 0.0, 0.0),0,0,False,(0.0, 0.0, 0.0),0,0,True,(0.0, 0.0, -1.0),291.6412,548.8268,False,(2.0, 1.0, 2.0),2.455575,True,(0.0, 0.0, 0.0),0,0,False,(0.0, 0.0, 0.0),0,0,False,(0.0, 0.0, 0.0),0,0,False,(2.0, 2.0, 0.0),4.085461,False,(0.0, 0.0, 0.0),0,0,False,(0.0, 0.0, 0.0),0,0,False,(0.0, 0.0, 0.0),0,0,False,0
(1.0, 2.0, 0.0),3.913359,False,(0.0, 0.0, 0.0),0,0,True,(0.0, 0.0, 0.0),0,0,False,(1.0, 1.0, 1.0),626.9766,665.7475,False,(1.0, 2.0, 2.0),3.044714,False,(0.0, 0.0, 0.0),0,0,False,(0.0, 0.0, 0.0),0,0,False,(0.0, 0.0, 0.0),0,0,False,(2.0, 1.0, 0.0),4.339617,False,(0.0, 0.0, 0.0),0,0,False,(0.0, 0.0, 0.0),0,0,True,(0.0, 0.0, -1.0),291.6412,548.8268,False,(2.0, 1.0, 2.0),4.126075,True,(0.0, 0.0, 0.0),0,0,False,(0.0, 0.0, 0.0),0,0,False,(0.0, 0.0, 0.0),0,0,False,(2.0, 2.0, 0.0),4.745775,False,(0.0, 0.0, 0.0),0,0,False,(0.0, 0.0, 0.0),0,0,False,(0.0, 0.0, 0.0),0,0,False,43.65434
(1.0, 2.0, 0.0),2.389918,False,(0.0, 0.0, 0.0),0,0,True,(0.0, 0.0, 0.0),0,0,False,(1.0, 1.0, 1.0),597.4992,665.7475,False,(1.0, 2.0, 2.0),3.044714,False,(0.0, 0.0, 0.0),0,0,False,(0.0, 0.0, 0.0),0,0,False,(0.0, 0.0, 0.0),0,0,False,(2.0, 1.0, 0.0),4.339617,False,(0.0, 0.0, 0.0),0,0,False,(0.0, 0.0, 0.0),0,0,True,(0.0, 0.0, -1.0),382.1152,548.8268,False,(2.0, 1.0, 2.0),2.455575,True,(0.0, 0.0, 0.0),0,0,False,(0.0, 0.0, 0.0),0,0,False,(0.0, 0.0, 0.0),0,0,False,(2.0, 2.0, 0.0),4.745775,False,(0.0, 0.0, 0.0),0,0,False,(0.0, 0.0, 0.0),0,0,False,(0.0, 0.0, 0.0),0,0,False,83.08794
(1.0, 2.0, 0.0),2.389918,False,(0.0, 0.0, 0.0),0,0,True,(0.0, 0.0, 0.0),0,0,False,(1.0, 1.0, 1.0),597.4992,665.7475,False,(1.0, 2.0, 2.0),3.044714,False,(0.0, 0.0, 0.0),0,0,False,(0.0, 0.0, 0.0),0,0,False,(0.0, 0.0, 0.0),0,0,False,(2.0, 1.0, 0.0),4.339617,False,(0.0, 0.0, 0.0),0,0,False,(0.0, 0.0, 0.0),0,0,True,(0.0, 0.0, -1.0),382.1152,548.8268,False,(2.0, 1.0, 2.0),2.455575,True,(0.0, 0.0, 0.0),0,0,False,(0.0, 0.0, 0.0),0,0,False,(0.0, 0.0, 0.0),0,0,False,(2.0, 2.0, 0.0),4.745775,False,(0.0, 0.0, 0.0),0,0,False,(0.0, 0.0, 0.0),0,0,False,(0.0, 0.0, 0.0),0,0,False,8.13605
(1.0, 2.0, 0.0),2.389918,False,(0.0, 0.0, 0.0),0,0,True,(0.0, 0.0, 0.0),0,0,False,(1.0, 1.0, 1.0),344.6326,665.7475,False,(1.0, 2.0, 2.0),3.044714,False,(0.0, 0.0, 0.0),0,0,False,(0.0, 0.0, 0.0),0,0,False,(0.0, 0.0, 0.0),0,0,False,(2.0, 1.0, 0.0),4.339617,False,(0.0, 0.0, 0.0),0,0,False,(0.0, 0.0, 0.0),0,0,True,(0.0, 0.0, -1.0),382.1152,548.8268,False,(2.0, 1.0, 2.0),2.455575,True,(0.0, 0.0, 0.0),0,0,False,(0.0, 0.0, 0.0),0,0,False,(0.0, 0.0, 0.0),0,0,False,(2.0, 2.0, 0.0),4.745775,False,(0.0, 0.0, 0.0),0,0,False,(0.0, 0.0, 0.0),0,0,False,(0.0, 0.0, 0.0),0,0,False,29.79307
(1.0, 2.0, 0.0),2.389918,False,(0.0, 0.0, 0.0),0,0,True,(0.0, 0.0, 0.0),0,0,False,(1.0, 1.0, 1.0),597.4992,665.7475,False,(1.0, 2.0, 2.0),3.044714,False,(0.0, 0.0, 0.0),0,0,False,(0.0, 0.0, 0.0),0,0,False,(0.0, 0.0, 0.0),0,0,False,(2.0, 1.0, 0.0),4.339617,False,(0.0, 0.0, 0.0),0,0,False,(0.0, 0.0, 0.0),0,0,True,(0.0, 0.0, -1.0),758.6547,548.8268,False,(2.0, 1.0, 2.0),2.455575,False,(0.0, 0.0, 0.0),0,0,False,(0.0, 0.0, 0.0),0,0,False,(0.0, 0.0, 0.0),0,0,False,(2.0, 2.0, 0.0),4.745775,False,(0.0, 0.0, 0.0),0,0,False,(0.0, 0.0, 0.0),0,0,False,(0.0, 0.0, 0.0),0,0,False,18.73765
(1.0, 2.0, 0.0),2.389918,False,(0.0, 0.0, 0.0),0,0,True,(0.0, 0.0, 0.0),0,0,False,(1.0, 1.0, 1.0),597.4992,665.7475,False,(1.0, 2.0, 2.0),3.044714,False,(0.0, 0.0, 0.0),0,0,False,(0.0, 0.0, 0.0),0,0,False,(0.0, 0.0, 0.0),0,0,False,(2.0, 1.0, 0.0),4.339617,True,(0.0, 0.0, 0.0),0,0,False,(0.0, 0.0, 0.0),0,0,True,(0.0, 0.0, -1.0),382.1152,548.8268,False,(2.0, 1.0, 2.0),2.455575,True,(0.0, 0.0, 0.0),0,0,False,(0.0, 0.0, 0.0),0,0,False,(0.0, 0.0, 0.0),0,0,False,(2.0, 2.0, 0.0),4.745775,False,(0.0, 0.0, 0.0),0,0,False,(0.0, 0.0, 0.0),0,0,False,(0.0, 0.0, 0.0),0,0,False,0
(1.0, 2.0, 0.0),2.389918,False,(0.0, 0.0, 0.0),0,0,True,(0.0, 0.0, 0.0),0,0,False,(1.0, 1.0, 1.0),765.7083,665.7475,False,(1.0, 2.0, 2.0),3.044714,False,(0.0, 0.0, 0.0),0,0,False,(0.0, 0.0, 0.0),0,0,False,(0.0, 0.0, 0.0),0,0,False,(2.0, 1.0, 0.0),4.339617,False,(0.0, 0.0, 0.0),0,0,False,(0.0, 0.0, 0.0),0,0,True,(0.0, 0.0, -1.0),382.1152,548.8268,False,(2.0, 1.0, 2.0),2.455575,True,(0.0, 0.0, 0.0),0,0,False,(0.0, 0.0, 0.0),0,0,False,(0.0, 0.0, 0.0),0,0,False,(2.0, 2.0, 0.0),4.745775,False,(0.0, 0.0, 0.0),0,0,False,(0.0, 0.0, 0.0),0,0,False,(0.0, 0.0, 0.0),0,0,False,74.78088
(1.0, 2.0, 0.0),4.46965,False,(0.0, 0.0, 0.0),0,0,True,(0.0, 0.0, 0.0),0,0,False,(1.0, 1.0, 1.0),597.4992,669.3621,False,(1.0, 2.0, 2.0),3.044714,False,(0.0, 0.0, 0.0),0,0,False,(0.0, 0.0, 0.0),0,0,False,(0.0, 0.0, 0.0),0,0,False,(2.0, 1.0, 0.0),4.339617,False,(0.0, 0.0, 0.0),0,0,False,(0.0, 0.0, 0.0),0,0,True,(0.0, 0.0, -1.0),382.1152,548.8268,False,(2.0, 1.0, 2.0),2.455575,True,(0.0, 0.0, 0.0),0,0,False,(0.0, 0.0, 0.0),0,0,False,(0.0, 0.0, 0.0),0,0,False,(2.0, 2.0, 0.0),4.745775,False,(0.0, 0.0, 0.0),0,0,False,(0.0, 0.0, 0.0),0,0,False,(0.0, 0.0, 0.0),0,0,False,66.73732
(1.0, 2.0, 0.0),2.389918,False,(0.0, 0.0, 0.0),0,0,True,(0.0, 0.0, 0.0),0,0,False,(1.0, 1.0, 1.0),597.4992,665.7475,False,(1.0, 2.0, 2.0),4.219625,False,(0.0, 0.0, 0.0),0,0,False,(0.0, 0.0, 0.0),0,0,False,(0.0, 0.0, 0.0),0,0,False,(2.0, 1.0, 0.0),4.339617,False,(0.0, 0.0, 0.0),0,0,False,(0.0, 0.0, 0.0),0,0,True,(0.0, 0.0, -1.0),382.1152,548.8268,False,(2.0, 1.0, 2.0),2.455575,True,(0.0, 0.0, 0.0),0,0,False,(0.0, 0.0, 0.0),0,0,False,(0.0, 0.0, 0.0),0,0,False,(2.0, 2.0, 0.0),4.745775,False,(0.0, 0.0, 0.0),0,0,False,(0.0, 0.0, 0.0),0,0,False,(0.0, 0.0, 0.0),0,0,False,0
(1.0, 2.0, 0.0),2.389918,False,(0.0, 0.0, 0.0),0,0,True,(0.0, 0.0, 0.0),0,0,False,(1.0, 0.0, 0.0),597.4992,665.7475,False,(1.0, 2.0, 2.0),3.044714,False,(0.0, 0.0, 0.0),0,0,False,(0.0, 0.0, 0.0),0,0,False,(0.0, 0.0, 0.0),0,0,False,(2.0, 1.0, 0.0),4.339617,False,(0.0, 0.0, 0.0),0,0,False,(0.0, 0.0, 0.0),0,0,True,(0.0, 0.0, -1.0),382.1152,548.8268,False,(2.0, 1.0, 2.0),2.455575,False,(0.0, 0.0, 0.0),0,0,False,(0.0, 0.0, 0.0),0,0,False,(0.0, 0.0, 0.0),0,0,False,(2.0, 2.0, 0.0),4.745775,True,(0.0, 0.0, 0.0),0,0,False,(0.0, 0.0, 0.0),0,0,False,(0.0, 0.0, 0.0),0,0,False,0
(1.0, 2.0, 0.0),2.389918,False,(0.0, 0.0, 0.0),0,0,True,(0.0, 0.0, 0.0),0,0,False,(1.0, 1.0, 1.0),597.4992,665.7475,False,(1.0, 2.0, 2.0),3.044714,False,(0.0, 0.0, 0.0),0,0,False,(0.0, 0.0, 0.0),0,0,False,(0.0, 0.0, 0.0),0,0,False,(2.0, 1.0, 0.0),4.339617,False,(0.0, 0.0, 0.0),0,0,False,(0.0, 0.0, 0.0),0,0,True,(0.0, 0.0, -1.0),382.1152,548.8268,False,(2.0, 1.0, 2.0),3.369803,True,(0.0, 0.0, 0.0),0,0,False,(0.0, 0.0, 0.0),0,0,False,(0.0, 0.0, 0.0),0,0,False,(2.0, 2.0, 0.0),4.745775,False,(0.0, 0.0, 0.0),0,0,False,(0.0, 0.0, 0.0),0,0,False,(0.0, 0.0, 0.0),0,0,False,0
(1.0, 2.0, 0.0),2.389918,False,(0.0, 0.0, 0.0),0,0,True,(0.0, 0.0, 0.0),0,0,False,(1.0, 1.0, 1.0),765.7083,665.7475,False,(1.0, 2.0, 2.0),3.044714,False,(0.0, 0.0, 0.0),0,0,False,(0.0, 0.0, 0.0),0,0,False,(0.0, 0.0, 0.0),0,0,False,(2.0, 1.0, 0.0),4.339617,False,(0.0, 0.0, 0.0),0,0,False,(0.0, 0.0, 0.0),0,0,True,(0.0, 0.0, -1.0),382.1152,548.8268,False,(2.0, 1.0, 2.0),2.455575,True,(0.0, 0.0, 0.0),0,0,False,(0.0, 0.0, 0.0),0,0,False,(0.0, 0.0, 0.0),0,0,False,(2.0, 2.0, 0.0),4.745775,False,(0.0, 0.0, 0.0),0,0,False,(0.0, 0.0, 0.0),0,0,False,(0.0, 0.0, 0.0),0,0,False,77.39734
(1.0, 2.0, 0.0),2.389918,False,(0.0, 0.0, 0.0),0,0,True,(0.0, 0.0, 0.0),0,0,False,(1.0, 1.0, 1.0),765.7083,665.7475,False,(1.0, 2.0, 2.0),3.044714,False,(0.0, 0.0, 0.0),0,0,False,(0.0, 0.0, 0.0),0,0,False,(0.0, 0.0, 0.0),0,0,False,(2.0, 1.0, 0.0),3.921542,False,(0.0, 0.0, 0.0),0,0,False,(0.0, 0.0, 0.0),0,0,True,(0.0, 0.0, -1.0),382.1152,548.8268,False,(2.0, 1.0, 2.0),2.455575,False,(0.0, 0.0, 0.0),0,0,False,(0.0, 0.0, 0.0),0,0,False,(0.0, 0.0, 0.0),0,0,False,(2.0, 2.0, 0.0),4.745775,False,(0.0, 0.0, 0.0),0,0,False,(0.0, 0.0, 0.0),0,0,False,(0.0, 0.0, 0.0),0,0,False,21.67731
(1.0, 2.0, 0.0),2.389918,False,(0.0, 0.0, 0.0),0,0,True,(0.0, 0.0, 0.0),0,0,False,(1.0, 1.0, 1.0),765.7083,665.7475,False,(1.0, 2.0, 2.0),3.044714,True,(0.0, 0.0, 0.0),0,0,False,(0.0, 0.0, 0.0),0,0,False,(0.0, 0.0, 0.0),0,0,False,(2.0, 1.0, 0.0),4.339617,False,(0.0, 0.0, 0.0),0,0,False,(0.0, 0.0, 0.0),0,0,True,(0.0, 0.0, -1.0),382.1152,575.4819,False,(2.0, 1.0, 2.0),2.455575,True,(0.0, 0.0, 0.0),0,0,False,(0.0, 0.0, 0.0),0,0,False,(0.0, 0.0, 0.0),0,0,False,(2.0, 2.0, 0.0),4.745775,False,(0.0, 0.0, 0.0),0,0,False,(0.0, 0.0, 0.0),0,0,False,(0.0, 0.0, 0.0),0,0,False,0
(1.0, 2.0, 0.0),2.389918,False,(0.0, 0.0, 0.0),0,0,True,(0.0, 0.0, 0.0),0,0,False,(1.0, 1.0, 1.0),765.7083,665.7475,False,(1.0, 2.0, 2.0),3.044714,False,(0.0, 0.0, 0.0),0,0,False,(0.0, 0.0, 0.0),0,0,False,(0.0, 0.0, 0.0),0,0,False,(2.0, 1.0, 0.0),4.339617,False,(0.0, 0.0, 0.0),0,0,False,(0.0, 0.0, 0.0),0,0,True,(0.0, 0.0, -1.0),382.1152,548.8268,False,(2.0, 1.0, 2.0),2.455575,True,(0.0, 0.0, 0.0),0,0,False,(0.0, 0.0, 0.0),0,0,False,(0.0, 0.0, 0.0),0,0,False,(2.0, 2.0, 0.0),4.745775,False,(0.0, 0.0, 0.0),0,0,False,(0.0, 0.0, 0.0),0,0,False,(0.0, 0.0, 0.0),0,0,False,85.09491
(1.0, 2.0, 0.0),2.389918,False,(0.0, 0.0, 0.0),0,0,True,(0.0, 0.0, 0.0),0,0,False,(1.0, 1.0, 1.0),765.7083,665.7475,False,(1.0, 2.0, 2.0),3.044714,False,(0.0, 0.0, 0.0),0,0,False,(0.0, 0.0, 0.0),0,0,False,(0.0, 0.0, 0.0),0,0,False,(2.0, 1.0, 0.0),4.339617,False,(0.0, 0.0, 0.0),0,0,False,(0.0, 0.0, 0.0),0,0,True,(0.0, 0.0, -1.0),382.1152,548.8268,False,(2.0, 1.0, 2.0),2.455575,True,(0.0, 0.0, 0.0),0,0,False,(0.0, 0.0, 0.0),0,0,False,(0.0, 0.0, 0.0),0,0,False,(2.0, 2.0, 0.0),4.745775,False,(0.0, 0.0, 0.0),0,0,False,(0.0, 0.0, 0.0),0,0,False,(0.0, 0.0, 0.0),0,0,False,50.13538
(1.0, 2.0, 0.0),2.389918,False,(0.0, 0.0, 0.0),0,0,True,(0.0, 0.0, 0.0),0,0,False,(1.0, 1.0, 1.0),765.7083,665.7475,False,(1.0, 2.0, 2.0),3.044714,True,(0.0, 0.0, 0.0),0,0,False,(0.0, 0.0, 0.0),0,0,False,(0.0, 0.0, 0.0),0,0,False,(2.0, 1.0, 0.0),4.339617,False,(0.0, 0.0, 0.0),0,0,False,(0.0, 0.0, 0.0),0,0,True,(0.0, 0.0, -1.0),382.1152,548.8268,False,(2.0, 1.0, 2.0),2.455575,False,(0.0, 0.0, 0.0),0,0,False,(0.0, 0.0, 0.0),0,0,False,(0.0, 0.0, 0.0),0,0,False,(2.0, 2.0, 0.0),4.745775,False,(0.0, 0.0, 0.0),0,0,False,(0.0, 0.0, 0.0),0,0,False,(0.0, 0.0, 0.0),0,0,False,13.50141
(1.0, 2.0, 0.0),2.389918,False,(0.0, 0.0, 0.0),0,0,True,(0.0, 0.0, 0.0),0,0,False,(1.0, 1.0, 1.0),765.7083,665.7475,False,(1.0, 2.0, 2.0),3.044714,False,(0.0, 0.0, 0.0),0,0,False,(0.0, 0.0, 0.0),0,0,False,(0.0, 0.0, 0.0),0,0,False,(2.0, 1.0, 0.0),4.339617,False,(0.0, 0.0, 0.0),0,0,False,(0.0, 0.0, 0.0),0,0,True,(0.0, 0.0, -1.0),382.1152,548.8268,False,(2.0, 1.0, 2.0),2.455575,True,(0.0, 0.0, 0.0),0,0,False,(0.0, 0.0, 0.0),0,0,False,(0.0, 0.0, 0.0),0,0,False,(2.0, 2.0, 0.0),4.745775,False,(0.0, 0.0, 0.0),0,0,False,(0.0, 0.0, 0.0),0,0,False,(0.0, 0.0, 0.0),0,0,False,41.23976
(1.0, 2.0, 0.0),2.389918,False,(0.0, 0.0, 0.0),0,0,True,(0.0, 0.0, 0.0),0,0,False,(1.0, 1.0, 1.0),765.7083,665.7475,False,(1.0, 2.0, 2.0),3.044714,False,(0.0, 0.0, 0.0),0,0,False,(0.0, 0.0, 0.0),0,0,False,(0.0, 0.0, 0.0),0,0,False,(2.0, 1.0, 0.0),4.339617,False,(0.0, 0.0, 0.0),0,0,False,(0.0, 0.0, 0.0),0,0,True,(0.0, 0.0, -1.0),382.1152,548.8268,False,(2.0, 1.0, 2.0),2.455575,True,(0.0, 0.0, 0.0),0,0,False,(0.0, 0.0, 0.0),0,0,False,(0.0, 0.0, 0.0),0,0,False,(2.0, 2.0, 0.0),4.745775,False,(0.0, 0.0, 0.0),0,0,False,(0.0, 0.0, 0.0),0,0,False,(0.0, 0.0, 0.0),0,0,False,67.51292
(1.0, 2.0, 0.0),2.389918,False,(0.0, 0.0, 0.0),0,0,True,(0.0, 0.0, 0.0),0,0,False,(1.0, 1.0, 1.0),765.7083,665.7475,False,(1.0, 2.0, 2.0),4.497323,False,(0.0, 0.0, 0.0),0,0,False,(0.0, 0.0, 0.0),0,0,False,(0.0, 0.0, 0.0),0,0,False,(2.0, 1.0, 0.0),4.339617,False,(0.0, 0.0, 0.0),0,0,False,(0.0, 0.0, 0.0),0,0,True,(1.0, -1.0, -1.0),281.8608,548.8268,False,(2.0, 1.0, 2.0),2.455575,True,(0.0, 0.0, 0.0),0,0,False,(0.0, 0.0, 0.0),0,0,False,(0.0, 0.0, 0.0),0,0,False,(2.0, 2.0, 0.0),4.745775,False,(0.0, 0.0, 0.0),0,0,False,(0.0, 0.0, 0.0),0,0,False,(0.0, 0.0, 0.0),0,0,False,0
(1.0, 2.0, 0.0),2.389918,False,(0.0, 0.0, 0.0),0,0,True,(0.0, 0.0, 0.0),0,0,False,(1.0, 1.0, 1.0),765.7083,665.7475,False,(1.0, 2.0, 2.0),3.044714,False,(0.0, 0.0, 0.0),0,0,False,(0.0, 0.0, 0.0),0,0,False,(0.0, 0.0, 0.0),0,0,False,(2.0, 1.0, 0.0),4.339617,False,(0.0, 0.0, 0.0),0,0,False,(0.0, 0.0, 0.0),0,0,True,(0.0, 0.0, -1.0),382.1152,548.8268,False,(2.0, 1.0, 2.0),2.455575,True,(0.0, 0.0, 0.0),0,0,False,(0.0, 0.0, 0.0),0,0,False,(0.0, 0.0, 0.0),0,0,False,(2.0, 2.0, 0.0),4.745775,False,(0.0, 0.0, 0.0),0,0,False,(0.0, 0.0, 0.0),0,0,False,(0.0, 0.0, 0.0),0,0,False,1.216238
(1.0, 2.0, 0.0),2.389918,False,(0.0, 0.0, 0.0),0,0,True,(0.0, 0.0, 0.0),0,0,False,(1.0, 1.0, 1.0),765.7083,665.7475,False,(1.0, 2.0, 2.0),3.044714,False,(0.0, 0.0, 0.0),0,0,False,(0.0, 0.0, 0.0),0,0,False,(0.0, 0.0, 0.0),0,0,False,(2.0, 1.0, 0.0),4.339617,False,(0.0, 0.0, 0.0),0,0,False,(0.0, 0.0, 0.0),0,0,True,(1.0, -1.0, -1.0),382.1152,548.8268,False,(2.0, 1.0, 2.0),2.455575,True,(0.0, 0.0, 0.0),0,0,False,(0.0, 0.0, 0.0),0,0,False,(0.0, 0.0, 0.0),0,0,False,(2.0, 2.0, 0.0),4.745775,False,(0.0, 0.0, 0.0),0,0,False,(0.0, 0.0, 0.0),0,0,False,(0.0, 0.0, 0.0),0,0,False,0
(1.0, 2.0, 0.0),2.389918,False,(0.0, 0.0, 0.0),0,0,True,(0.0, 0.0, 0.0),0,0,False,(1.0, 1.0, 1.0),765.7083,665.7475,False,(1.0, 2.0, 2.0),3.044714,False,(0.0, 0.0, 0.0),0,0,False,(0.0, 0.0, 0.0),0,0,False,(0.0, 0.0, 0.0),0,0,False,(2.0, 1.0, 0.0),4.339617,False,(0.0, 0.0, 0.0),0,0,False,(0.0, 0.0, 0.0),0,0,True,(0.0, 0.0, -1.0),382.1152,548.8268,False,(2.0, 1.0, 2.0),2.455575,True,(0.0, 0.0, 0.0),0,0,False,(0.0, 0.0, 0.0),0,0,False,(0.0, 0.0, 0.0),0,0,False,(2.0, 2.0, 0.0),4.745775,True,(0.0, 0.0, 0.0),0,0,False,(0.0, 0.0, 0.0),0,0,False,(0.0, 0.0, 0.0),0,0,False,0
(1.0, 2.0, 0.0),2.389918,False,(0.0, 0.0, 0.0),0,0,True,(0.0, 0.0, 0.0),0,0,False,(1.0, 1.0, 1.0),765.7083,665.7475,False,(1.0, 2.0, 2.0),3.044714,False,(0.0, 0.0, 0.0),0,0,False,(0.0, 0.0, 0.0),0,0,False,(0.0, 0.0, 0.0),0,0,False,(2.0, 1.0, 0.0),2.960508,False,(0.0, 0.0, 0.0),0,0,False,(0.0, 0.0, 0.0),0,0,True,(0.0, 0.0, -1.0),382.1152,548.8268,False,(2.0, 1.0, 2.0),2.455575,True,(0.0, 0.0, 0.0),0,0,False,(0.0, 0.0, 0.0),0,0,False,(0.0, 0.0, 0.0),0,0,False,(2.0, 2.0, 0.0),3.106658,True,(0.0, 0.0, 0.0),0,0,False,(0.0, 0.0, 0.0),0,0,False,(0.0, 0.0, 0.0),0,0,False,0
(1.0, 2.0, 0.0),2.389918,False,(0.0, 0.0, 0.0),0,0,True,(0.0, 0.0, 0.0),0,0,False,(1.0, 1.0, 1.0),765.7083,665.7475,False,(1.0, 2.0, 2.0),3.044714,False,(0.0, 0.0, 0.0),0,0,False,(0.0, 0.0, 0.0),0,0,False,(0.0, 0.0, 0.0),0,0,False,(2.0, 1.0, 0.0),4.339617,False,(0.0, 0.0, 0.0),0,0,False,(0.0, 0.0, 0.0),0,0,True,(0.0, 0.0, -1.0),382.1152,548.8268,False,(2.0, 1.0, 2.0),3.074244,True,(0.0, 0.0, 0.0),0,0,False,(0.0, 0.0, 0.0),0,0,False,(0.0, 0.0, 0.0),0,0,False,(2.0, 2.0, 0.0),4.745775,False,(0.0, 0.0, 0.0),0,0,False,(0.0, 0.0, 0.0),0,0,False,(0.0, 0.0, 0.0),0,0,False,51.57293
(1.0, 2.0, 0.0),2.389918,False,(0.0, 0.0, 0.0),0,0,True,(0.0, 0.0, 0.0),0,0,False,(1.0, 1.0, 1.0),765.7083,665.7475,False,(1.0, 2.0, 2.0),3.044714,False,(0.0, 0.0, 0.0),0,0,False,(0.0, 0.0, 0.0),0,0,False,(0.0, 0.0, 0.0),0,0,False,(2.0, 1.0, 0.0),4.339617,False,(0.0, 0.0, 0.0),0,0,False,(0.0, 0.0, 0.0),0,0,True,(0.0, 0.0, -1.0),382.1152,548.8268,False,(2.0, 1.0, 2.0),2.455575,True,(0.0, 0.0, 0.0),0,0,False,(0.0, 0.0, 0.0),0,0,False,(0.0, 0.0, 0.0),0,0,False,(2.0, 2.0, 0.0),4.745775,False,(0.0, 0.0, 0.0),0,0,False,(0.0, 0.0, 0.0),0,0,False,(0.0, 0.0, 0.0),0,0,False,16.86495
(1.0, 2.0, 0.0),4.521689,False,(0.0, 0.0, 0.0),0,0,True,(0.0, 0.0, 0.0),0,0,False,(1.0, 1.0, 1.0),765.7083,665.7475,False,(1.0, 2.0, 2.0),3.044714,False,(0.0, 0.0, 0.0),0,0,False,(0.0, 0.0, 0.0),0,0,False,(0.0, 0.0, 0.0),0,0,False,(2.0, 1.0, 0.0),4.339617,False,(0.0, 0.0, 0.0),0,0,False,(0.0, 0.0, 0.0),0,0,True,(0.0, 0.0, -1.0),382.1152,548.8268,False,(2.0, 1.0, 2.0),2.455575,True,(0.0, 0.0, 0.0),0,0,False,(0.0, 0.0, 0.0),0,0,False,(0.0, 0.0, 0.0),0,0,False,(2.0, 2.0, 0.0),4.745775,True,(0.0, 0.0, 0.0),0,0,False,(0.0, 0.0, 0.0),0,0,False,(0.0, 0.0, 0.0),0,0,False,0
(1.0, 2.0, 0.0),2.389918,False,(0.0, 0.0, 0.0),0,0,True,(0.0, 0.0, 0.0),0,0,False,(1.0, 1.0, 1.0),765.7083,665.7475,False,(1.0, 2.0, 2.0),3.044714,False,(0.0, 0.0, 0.0),0,0,False,(0.0, 0.0, 0.0),0,0,False,(0.0, 0.0, 0.0),0,0,False,(2.0, 1.0, 0.0),4.339617,False,(0.0, 0.0, 0.0),0,0,False,(0.0, 0.0, 0.0),0,0,True,(0.0, -1.0, -1.0),382.1152,548.8268,False,(2.0, 1.0, 2.0),2.455575,True,(0.0, 0.0, 0.0),0,0,False,(0.0, 0.0, 0.0),0,0,False,(0.0, 0.0, 0.0),0,0,False,(2.0, 2.0, 0.0),4.745775,False,(0.0, 0.0, 0.0),0,0,False,(0.0, 0.0, 0.0),0,0,False,(0.0, 0.0, 0.0),0,0,False,32.15094
(1.0, 2.0, 0.0),2.389918,False,(0.0, 0.0, 0.0),0,0,True,(0.0, 0.0, 0.0),0,0,False,(1.0, 1.0, 1.0),765.7083,665.7475,False,(1.0, 2.0, 2.0),3.044714,False,(0.0, 0.0, 0.0),0,0,False,(0.0, 0.0, 0.0),0,0,False,(0.0, 0.0, 0.0),0,0,False,(2.0, 1.0, 0.0),4.339617,False,(0.0, 0.0, 0.0),0,0,False,(0.0, 0.0, 0.0),0,0,True,(0.0, 0.0, -1.0),382.1152,548.8268,False,(2.0, 1.0, 2.0),2.455575,True,(0.0, 0.0, 0.0),0,0,False,(0.0, 0.0, 0.0),0,0,False,(0.0, 0.0, 0.0),0,0,False,(2.0, 2.0, 0.0),4.745775,False,(0.0, 0.0, 0.0),0,0,False,(0.0, 0.0, 0.0),0,0,False,(0.0, 0.0, 0.0),0,0,False,9.759974
(1.0, 2.0, 0.0),2.389918,False,(0.0, 0.0, 0.0),0,0,True,(0.0, 0.0, 0.0),0,0,False,(1.0, 1.0, 1.0),765.7083,665.7475,False,(1.0, 2.0, 2.0),3.044714,False,(0.0, 0.0, 0.0),0,0,False,(0.0, 0.0, 0.0),0,0,False,(0.0, 0.0, 0.0),0,0,False,(2.0, 1.0, 0.0),4.339617,False,(0.0, 0.0, 0.0),0,0,False,(0.0, 0.0, 0.0),0,0,True,(0.0, 0.0, -1.0),382.1152,548.8268,False,(2.0, 1.0, 2.0),3.074244,True,(0.0, 0.0, 0.0),0,0,False,(0.0, 0.0, 0.0),0,0,False,(0.0, 0.0, 0.0),0,0,False,(2.0, 2.0, 0.0),4.745775,False,(0.0, 0.0, 0.0),0,0,False,(0.0, 0.0, 0.0),0,0,False,(0.0, 0.0, 0.0),0,0,False,0
(1.0, 2.0, 0.0),2.389918,False,(0.0, 0.0, 0.0),0,0,True,(0.0, 0.0, 0.0),0,0,False,(1.0, 1.0, 1.0),765.7083,665.7475,False,(1.0, 2.0, 2.0),3.044714,True,(0.0, 0.0, 0.0),0,0,False,(0.0, 0.0, 0.0),0,0,False,(0.0, 0.0, 0.0),0,0,False,(2.0, 1.0, 0.0),4.339617,False,(0.0, 0.0, 0.0),0,0,False,(0.0, 0.0, 0.0),0,0,True,(0.0, 0.0, -1.0),382.1152,548.8268,False,(2.0, 1.0, 2.0),3.074244,True,(0.0, 0.0, 0.0),0,0,False,(0.0, 0.0, 0.0),0,0,False,(0.0, 0.0, 0.0),0,0,False,(2.0, 2.0, 0.0),4.745775,False,(0.0, 0.0, 0.0),0,0,False,(0.0, 0.0, 0.0),0,0,False,(0.0, 0.0, 0.0),0,0,False,0
(1.0, 2.0, 0.0),2.389918,False,(0.0, 0.0, 0.0),0,0,True,(0.0, 0.0, 0.0),0,0,False,(1.0, 1.0, 1.0),765.7083,665.7475,False,(1.0, 2.0, 2.0),3.044714,False,(0.0, 0.0, 0.0),0,0,False,(0.0, 0.0, 0.0),0,0,False,(0.0, 0.0, 0.0),0,0,False,(2.0, 1.0, 0.0),4.339617,True,(0.0, 0.0, 0.0),0,0,False,(0.0, 0.0, 0.0),0,0,True,(0.0, 0.0, -1.0),382.1152,548.8268,False,(2.0, 1.0, 2.0),3.074244,True,(0.0, 0.0, 0.0),0,0,False,(0.0, 0.0, 0.0),0,0,False,(0.0, 0.0, 0.0),0,0,False,(2.0, 2.0, 0.0),4.745775,False,(0.0, 0.0, 0.0),0,0,False,(0.0, 0.0, 0.0),0,0,False,(0.0, 0.0, 0.0),0,0,False,0
(1.0, 2.0, 0.0),2.964951,True,(0.0, 0.0, 0.0),0,0,True,(0.0, 0.0, 0.0),0,0,False,(1.0, 1.0, 1.0),765.7083,665.7475,False,(1.0, 2.0, 2.0),3.044714,False,(0.0, 0.0, 0.0),0,0,False,(0.0, 0.0, 0.0),0,0,False,(0.0, 0.0, 0.0),0,0,False,(2.0, 1.0, 0.0),2.003558,True,(0.0, 0.0, 0.0),0,0,False,(0.0, 0.0, 0.0),0,0,True,(0.0, 0.0, -1.0),382.1152,548.8268,False,(2.0, 1.0, 2.0),3.074244,True,(0.0, 0.0, 0.0),0,0,False,(0.0, 0.0, 0.0),0,0,False,(0.0, 0.0, 0.0),0,0,False,(2.0, 2.0, 0.0),4.189396,False,(0.0, 0.0, 0.0),0,0,False,(0.0, 0.0, 0.0),0,0,False,(0.0, 0.0, 0.0),0,0,False,0
(1.0, 2.0, 0.0),2.389918,False,(0.0, 0.0, 0.0),0,0,True,(0.0, 0.0, 0.0),0,0,False,(1.0, 1.0, 1.0),765.7083,665.7475,False,(1.0, 2.0, 2.0),3.044714,False,(0.0, 0.0, 0.0),0,0,False,(0.0, 0.0, 0.0),0,0,False,(0.0, 0.0, 0.0),0,0,False,(2.0, 1.0, 0.0),4.339617,False,(0.0, 0.0, 0.0),0,0,False,(0.0, 0.0, 0.0),0,0,True,(0.0, 0.0, -1.0),382.1152,548.8268,False,(2.0, 1.0, 2.0),3.074244,True,(0.0, 0.0, 0.0),0,0,False,(0.0, 0.0, 0.0),0,0,False,(0.0, 0.0, 0.0),0,0,False,(2.0, 2.0, 0.0),4.745775,False,(0.0, 0.0, 0.0),0,0,False,(0.0, 0.0, 0.0),0,0,False,(0.0, 0.0, 0.0),0,0,False,0
(1.0, 2.0, 0.0),2.389918,False,(0.0, 0.0, 0.0),0,0,True,(0.0, 0.0, 0.0),0,0,False,(1.0, 1.0, 1.0),765.7083,665.7475,False,(1.0, 2.0, 2.0),3.044714,False,(0.0, 0.0, 0.0),0,0,False,(0.0, 0.0, 0.0),0,0,False,(0.0, 0.0, 0.0),0,0,False,(2.0, 1.0, 0.0),4.339617,False,(0.0, 0.0, 0.0),0,0,False,(0.0, 0.0, 0.0),0,0,True,(0.0, 0.0, -1.0),382.1152,548.8268,False,(2.0, 1.0, 2.0),3.074244,False,(0.0, 0.0, 0.0),0,0,False,(0.0, 0.0, 0.0),0,0,False,(0.0, 0.0, 0.0),0,0,False,(2.0, 2.0, 0.0),4.745775,False,(0.0, 0.0, 0.0),0,0,False,(0.0, 0.0, 0.0),0,0,False,(0.0, 0.0, 0.0),0,0,False,0
(1.0, 2.0, 0.0),2.389918,False,(0.0, 0.0, 0.0),0,0,True,(0.0, 0.0, 0.0),0,0,False,(1.0, 1.0, 1.0),765.7083,665.7475,False,(1.0, 2.0, 2.0),3.044714,False,(0.0, 0.0, 0.0),0,0,False,(0.0, 0.0, 0.0),0,0,False,(0.0, 0.0, 0.0),0,0,False,(2.0, 1.0, 0.0),4.339617,False,(0.0, 0.0, 0.0),0,0,False,(0.0, 0.0, 0.0),0,0,True,(0.0, 0.0, -1.0),382.1152,777.7586,False,(2.0, 1.0, 2.0),3.074244,True,(0.0, 0.0, 0.0),0,0,False,(0.0, 0.0, 0.0),0,0,False,(0.0, 0.0, 0.0),0,0,False,(2.0, 2.0, 0.0),4.745775,False,(0.0, 0.0, 0.0),0,0,False,(0.0, 0.0, 0.0),0,0,False,(0.0, 0.0, 0.0),0,0,False,80.93883
(1.0, 2.0, 0.0),2.389918,False,(0.0, 0.0, 0.0),0,0,True,(0.0, 0.0, 0.0),0,0,False,(1.0, 1.0, 1.0),765.7083,629.0425,False,(1.0, 2.0, 2.0),3.044714,False,(0.0, 0.0, 0.0),0,0,False,(0.0, 0.0, 0.0),0,0,False,(0.0, 0.0, 0.0),0,0,False,(2.0, 1.0, 0.0),4.339617,False,(0.0, 0.0, 0.0),0,0,False,(0.0, 0.0, 0.0),0,0,True,(1.0, 0.0, 0.0),382.1152,548.8268,False,(2.0, 1.0, 2.0),2.863206,False,(0.0, 0.0, 0.0),0,0,False,(0.0, 0.0, 0.0),0,0,False,(0.0, 0.0, 0.0),0,0,False,(2.0, 2.0, 0.0),4.745775,False,(0.0, 0.0, 0.0),0,0,False,(0.0, 0.0, 0.0),0,0,False,(0.0, 0.0, 0.0),0,0,False,0
(1.0, 2.0, 0.0),2.389918,False,(0.0, 0.0, 0.0),0,0,True,(0.0, 0.0, 0.0),0,0,False,(1.0, 1.0, 1.0),765.7083,665.7475,False,(1.0, 2.0, 2.0),3.044714,False,(0.0, 0.0, 0.0),0,0,False,(0.0, 0.0, 0.0),0,0,False,(0.0, 0.0, 0.0),0,0,False,(2.0, 1.0, 0.0),4.339617,False,(0.0, 0.0, 0.0),0,0,False,(0.0, 0.0, 0.0),0,0,True,(0.0, 0.0, -1.0),382.1152,548.8268,False,(2.0, 1.0, 2.0),3.074244,True,(0.0, 0.0, 0.0),0,0,False,(0.0, 0.0, 0.0),0,0,False,(0.0, 0.0, 0.0),0,0,False,(2.0, 2.0, 0.0),4.745775,False,(0.0, 0.0, 0.0),0,0,False,(0.0, 0.0, 0.0),0,0,False,(0.0, 0.0, 0.0),0,0,False,75.27753
(1.0, 2.0, 0.0),2.389918,False,(0.0, 0.0, 0.0),0,0,True,(0.0, 0.0, 0.0),0,0,False,(1.0, 1.0, 1.0),765.7083,665.7475,False,(1.0, 2.0, 2.0),3.044714,False,(0.0, 0.0, 0.0),0,0,False,(0.0, 0.0, 0.0),0,0,False,(0.0, 0.0, 0.0),0,0,False,(2.0, 1.0, 0.0),4.339617,False,(0.0, 0.0, 0.0),0,0,False,(0.0, 0.0, 0.0),0,0,True,(0.0, 0.0, -1.0),382.1152,777.7586,False,(2.0, 1.0, 2.0),3.074244,True,(0.0, 0.0, 0.0),0,0,False,(0.0, 0.0, 0.0),0,0,False,(0.0, 0.0, 0.0),0,0,False,(2.0, 2.0, 0.0),4.745775,False,(0.0, 0.0, 0.0),0,0,False,(0.0, 0.0, 0.0),0,0,False,(0.0, 0.0, 0.0),0,0,False,10.16646
(1.0, 2.0, 0.0),2.389918,True,(0.0, 0.0, 0.0),0,0,True,(0.0, 0.0, 0.0),0,0,False,(-1.0, 0.0, 1.0),765.7083,665.7475,False,(1.0, 2.0, 2.0),3.044714,False,(0.0, 0.0, 0.0),0,0,False,(0.0, 0.0, 0.0),0,0,False,(0.0, 0.0, 0.0),0,0,False,(2.0, 1.0, 0.0),4.339617,False,(0.0, 0.0, 0.0),0,0,False,(0.0, 0.0, 0.0),0,0,True,(0.0, 0.0, -1.0),382.1152,777.7586,False,(2.0, 1.0, 2.0),3.074244,True,(0.0, 0.0, 0.0),0,0,False,(0.0, 0.0, 0.0),0,0,False,(0.0, 0.0, 0.0),0,0,False,(2.0, 2.0, 0.0),4.745775,False,(0.0, 0.0, 0.0),0,0,False,(0.0, 0.0, 0.0),0,0,False,(0.0, 0.0, 0.0),0,0,False,0
(1.0, 2.0, 0.0),2.389918,False,(0.0, 0.0, 0.0),0,0,True,(0.0, 0.0, 0.0),0,0,False,(1.0, 1.0, 1.0),765.7083,665.7475,False,(1.0, 2.0, 2.0),3.044714,False,(0.0, 0.0, 0.0),0,0,False,(0.0, 0.0, 0.0),0,0,False,(0.0, 0.0, 0.0),0,0,False,(2.0, 1.0, 0.0),4.339617,False,(0.0, 0.0, 0.0),0,0,False,(0.0, 0.0, 0.0),0,0,True,(0.0, -1.0, 0.0),382.1152,777.7586,False,(2.0, 1.0, 2.0),3.074244,True,(0.0, 0.0, 0.0),0,0,False,(0.0, 0.0, 0.0),0,0,False,(0.0, 0.0, 0.0),0,0,False,(2.0, 2.0, 0.0),4.745775,False,(0.0, 0.0, 0.0),0,0,False,(0.0, 0.0, 0.0),0,0,False,(0.0, 0.0, 0.0),0,0,False,0
(1.0, 2.0, 0.0),2.389918,False,(0.0, 0.0, 0.0),0,0,True,(0.0, 0.0, 0.0),0,0,False,(1.0, 1.0, 1.0),765.7083,665.7475,False,(1.0, 2.0, 2.0),3.044714,False,(0.0, 0.0, 0.0),0,0,False,(0.0, 0.0, 0.0),0,0,False,(0.0, 0.0, 0.0),0,0,False,(2.0, 1.0, 0.0),4.339617,False,(0.0, 0.0, 0.0),0,0,False,(0.0, 0.0, 0.0),0,0,True,(0.0, 0.0, -1.0),382.1152,777.7586,False,(2.0, 1.0, 2.0),3.074244,True,(0.0, 0.0, 0.0),0,0,False,(0.0, 0.0, 0.0),0,0,False,(0.0, 0.0, 0.0),0,0,False,(2.0, 2.0, 0.0),4.745775,False,(0.0, 0.0, 0.0),0,0,False,(0.0, 0.0, 0.0),0,0,False,(0.0, 0.0, 0.0),0,0,False,48.91293
(1.0, 2.0, 0.0),2.389918,False,(0.0, 0.0, 0.0),0,0,True,(0.0, 0.0, 0.0),0,0,False,(1.0, 1.0, 1.0),765.7083,665.7475,False,(1.0, 2.0, 2.0),3.044714,False,(0.0, 0.0, 0.0),0,0,False,(0.0, 0.0, 0.0),0,0,False,(0.0, 0.0, 0.0),0,0,False,(2.0, 1.0, 0.0),4.339617,False,(0.0, 0.0, 0.0),0,0,False,(0.0, 0.0, 0.0),0,0,True,(0.0, 0.0, -1.0),382.1152,777.7586,False,(2.0, 1.0, 2.0),3.074244,True,(0.0, 0.0, 0.0),0,0,False,(0.0, 0.0, 0.0),0,0,False,(0.0, 0.0, 0.0),0,0,False,(2.0, 2.0, 0.0),4.745775,False,(0.0, 0.0, 0.0),0,0,False,(0.0, 0.0, 0.0),0,0,False,(0.0, 0.0, 0.0),0,0,False,70.88552
(1.0, 2.0, 0.0),2.86264,False,(0.0, 0.0, 0.0),0,0,True,(0.0, 0.0, 0.0),0,0,False,(1.0, 1.0, 1.0),765.7083,665.7475,False,(1.0, 2.0, 2.0),3.044714,False,(0.0, 0.0, 0.0),0,0,False,(0.0, 0.0, 0.0),0,0,False,(0.0, 0.0, 0.0),0,0,False,(2.0, 1.0, 0.0),4.339617,True,(0.0, 0.0, 0.0),0,0,False,(0.0, 0.0, 0.0),0,0,True,(0.0, 0.0, -1.0),382.1152,777.7586,False,(2.0, 1.0, 2.0),3.074244,False,(0.0, 0.0, 0.0),0,0,False,(0.0, 0.0, 0.0),0,0,False,(0.0, 0.0, 0.0),0,0,False,(2.0, 2.0, 0.0),4.745775,True,(0.0, 0.0, 0.0),0,0,False,(0.0, 0.0, 0.0),0,0,False,(0.0, 0.0, 0.0),0,0,False,0
(1.0, 2.0, 0.0),2.389918,False,(0.0, 0.0, 0.0),0,0,True,(0.0, 0.0, 0.0),0,0,False,(1.0, 1.0, 1.0),765.7083,665.7475,False,(1.0, 2.0, 2.0),3.044714,False,(0.0, 0.0, 0.0),0,0,False,(0.0, 0.0, 0.0),0,0,False,(0.0, 0.0, 0.0),0,0,False,(2.0, 1.0, 0.0),4.339617,False,(0.0, 0.0, 0.0),0,0,False,(0.0, 0.0, 0.0),0,0,True,(0.0, 0.0, -1.0),382.1152,777.7586,False,(2.0, 1.0, 2.0),4.13551,True,(0.0, 0.0, 0.0),0,0,False,(0.0, 0.0, 0.0),0,0,False,(0.0, 0.0, 0.0),0,0,False,(2.0, 2.0, 0.0),4.745775,False,(0.0, 0.0, 0.0),0,0,False,(0.0, 0.0, 0.0),0,0,False,(0.0, 0.0, 0.0),0,0,False,56.85172
(1.0, 2.0, 0.0),2.389918,False,(0.0, 0.0, 0.0),0,0,True,(0.0, 0.0, 0.0),0,0,False,(1.0, 1.0, 1.0),765.7083,665.7475,False,(1.0, 2.0, 2.0),3.044714,False,(0.0, 0.0, 0.0),0,0,False,(0.0, 0.0, 0.0),0,0,False,(0.0, 0.0, 0.0),0,0,False,(2.0, 1.0, 0.0),4.339617,False,(0.0, 0.0, 0.0),0,0,False,(0.0, 0.0, 0.0),0,0,True,(0.0, 0.0, -1.0),382.1152,777.7586,False,(2.0, 1.0, 2.0),3.074244,False,(0.0, 0.0, 0.0),0,0,False,(0.0, 0.0, 0.0),0,0,False,(0.0, 0.0, 0.0),0,0,False,(2.0, 2.0, 0.0),4.745775,False,(0.0, 0.0, 0.0),0,0,False,(0.0, 0.0, 0.0),0,0,False,(0.0, 0.0, 0.0),0,0,False,0
(1.0, 2.0, 0.0),2.389918,False,(0.0, 0.0, 0.0),0,0,True,(0.0, 0.0, 0.0),0,0,False,(1.0, 1.0, 1.0),765.7083,665.7475,False,(1.0, 2.0, 2.0),3.044714,False,(0.0, 0.0, 0.0),0,0,False,(0.0, 0.0, 0.0),0,0,False,(0.0, 0.0, 0.0),0,0,False,(2.0, 1.0, 0.0),4.339617,False,(0.0, 0.0, 0.0),0,0,False,(0.0, 0.0, 0.0),0,0,True,(0.0, 0.0, -1.0),382.1152,777.7586,False,(2.0, 1.0, 2.0),3.074244,True,(0.0, 0.0, 0.0),0,0,False,(0.0, 0.0, 0.0),0,0,False,(0.0, 0.0, 0.0),0,0,False,(2.0, 2.0, 0.0),4.745775,False,(0.0, 0.0, 0.0),0,0,False,(0.0, 0.0, 0.0),0,0,False,(0.0, 0.0, 0.0),0,0,False,0
(1.0, 2.0, 0.0),2.389918,False,(0.0, 0.0, 0.0),0,0,True,(0.0, 0.0, 0.0),0,0,False,(1.0, 1.0, 1.0),765.7083,665.7475,False,(1.0, 2.0, 2.0),3.044714,False,(0.0, 0.0, 0.0),0,0,False,(0.0, 0.0, 0.0),0,0,False,(0.0, 0.0, 0.0),0,0,False,(2.0, 1.0, 0.0),4.339617,False,(0.0, 0.0, 0.0),0,0,False,(0.0, 0.0, 0.0),0,0,True,(0.0, 0.0, -1.0),382.1152,777.7586,False,(2.0, 1.0, 2.0),3.074244,True,(0.0, 0.0, 0.0),0,0,False,(0.0, 0.0, 0.0),0,0,False,(0.0, 0.0, 0.0),0,0,False,(2.0, 2.0, 0.0),4.745775,False,(0.0, 0.0, 0.0),0,0,False,(0.0, 0.0, 0.0),0,0,False,(0.0, 0.0, 0.0),0,0,False,86.87032
(1.0, 2.0, 0.0),2.389918,False,(0.0, 0.0, 0.0),0,0,True,(0.0, 0.0, 0.0),0,0,False,(1.0, 1.0, 1.0),590.5034,665.7475,False,(1.0, 2.0, 2.0),3.044714,False,(0.0, 0.0, 0.0),0,0,False,(0.0, 0.0, 0.0),0,0,False,(0.0, 0.0, 0.0),0,0,False,(2.0, 1.0, 0.0),4.339617,False,(0.0, 0.0, 0.0),0,0,False,(0.0, 0.0, 0.0),0,0,True,(0.0, 0.0, -1.0),382.1152,777.7586,False,(2.0, 1.0, 2.0),3.074244,True,(0.0, 0.0, 0.0),0,0,False,(0.0, 0.0, 0.0),0,0,False,(0.0, 0.0, 0.0),0,0,False,(2.0, 2.0, 0.0),4.745775,False,(0.0, 0.0, 0.0),0,0,False,(0.0, 0.0, 0.0),0,0,False,(0.0, 0.0, 0.0),0,0,False,135.7502
(1.0, 2.0, 0.0),2.389918,False,(0.0, 0.0, 0.0),0,0,True,(0.0, 0.0, 0.0),0,0,False,(1.0, 1.0, 1.0),765.7083,665.7475,False,(1.0, 2.0, 2.0),3.044714,False,(0.0, 0.0, 0.0),0,0,False,(0.0, 0.0, 0.0),0,0,False,(0.0, 0.0, 0.0),0,0,False,(2.0, 1.0, 0.0),4.339617,False,(0.0, 0.0, 0.0),0,0,False,(0.0, 0.0, 0.0),0,0,True,(0.0, 0.0, -1.0),382.1152,777.7586,False,(2.0, 1.0, 2.0),3.074244,True,(0.0, 0.0, 0.0),0,0,False,(0.0, 0.0, 0.0),0,0,False,(0.0, 0.0, 0.0),0,0,False,(2.0, 2.0, 0.0),4.745775,False,(0.0, 0.0, 0.0),0,0,False,(0.0, 0.0, 0.0),0,0,False,(0.0, 0.0, 0.0),0,0,False,44.66067
(1.0, 2.0, 0.0),2.389918,False,(0.0, 0.0, 0.0),0,0,True,(0.0, 0.0, 0.0),0,0,False,(1.0, 1.0, 1.0),765.7083,665.7475,False,(1.0, 2.0, 2.0),3.044714,True,(0.0, 0.0, 0.0),0,0,False,(0.0, 0.0, 0.0),0,0,False,(0.0, 0.0, 0.0),0,0,False,(2.0, 1.0, 0.0),4.339617,False,(0.0, 0.0, 0.0),0,0,False,(0.0, 0.0, 0.0),0,0,True,(0.0, 0.0, -1.0),382.1152,777.7586,False,(2.0, 1.0, 2.0),3.074244,True,(0.0, 0.0, 0.0),0,0,False,(0.0, 0.0, 0.0),0,0,False,(0.0, 0.0, 0.0),0,0,False,(2.0, 2.0, 0.0),4.745775,False,(0.0, 0.0, 0.0),0,0,False,(0.0, 0.0, 0.0),0,0,False,(0.0, 0.0, 0.0),0,0,False,0
(1.0, 2.0, 0.0),2.389918,False,(0.0, 0.0, 0.0),0,0,True,(0.0, 0.0, 0.0),0,0,False,(1.0, 1.0, 1.0),765.7083,665.7475,False,(1.0, 2.0, 2.0),3.044714,False,(0.0, 0.0, 0.0),0,0,False,(0.0, 0.0, 0.0),0,0,False,(0.0, 0.0, 0.0),0,0,False,(2.0, 1.0, 0.0),4.339617,False,(0.0, 0.0, 0.0),0,0,False,(0.0, 0.0, 0.0),0,0,True,(0.0, 0.0, -1.0),382.1152,602.5458,False,(2.0, 1.0, 2.0),3.074244,True,(0.0, 0.0, 0.0),0,0,False,(0.0, 0.0, 0.0),0,0,False,(0.0, 0.0, 0.0),0,0,False,(2.0, 2.0, 0.0),4.745775,False,(0.0, 0.0, 0.0),0,0,False,(0.0, 0.0, 0.0),0,0,False,(0.0, 0.0, 0.0),0,0,False,70.26453
(1.0, 2.0, 0.0),3.147187,False,(0.0, 0.0, 0.0),0,0,True,(0.0, 0.0, 0.0),0,0,False,(0.0, 1.0, -1.0),765.7083,603.5128,False,(1.0, 2.0, 2.0),3.044714,True,(0.0, 0.0, 0.0),0,0,False,(0.0, 0.0, 0.0),0,0,False,(0.0, 0.0, 0.0),0,0,False,(2.0, 1.0, 0.0),4.339617,True,(0.0, 0.0, 0.0),0,0,False,(0.0, 0.0, 0.0),0,0,True,(0.0, 0.0, -1.0),382.1152,684.7625,False,(2.0, 1.0, 2.0),3.074244,True,(0.0, 0.0, 0.0),0,0,False,(0.0, 0.0, 0.0),0,0,False,(0.0, 0.0, 0.0),0,0,False,(2.0, 2.0, 0.0),4.745775,False,(0.0, 0.0, 0.0),0,0,False,(0.0, 0.0, 0.0),0,0,False,(0.0, 0.0, 0.0),0,0,False,0
(1.0, 2.0, 0.0),2.389918,False,(0.0, 0.0, 0.0),0,0,True,(0.0, 0.0, 0.0),0,0,False,(1.0, 1.0, 1.0),765.7083,665.7475,False,(1.0, 2.0, 2.0),3.044714,False,(0.0, 0.0, 0.0),0,0,False,(0.0, 0.0, 0.0),0,0,False,(0.0, 0.0, 0.0),0,0,False,(2.0, 1.0, 0.0),4.339617,False,(0.0, 0.0, 0.0),0,0,False,(0.0, 0.0, 0.0),0,0,True,(0.0, 0.0, -1.0),382.1152,777.7586,False,(2.0, 1.0, 2.0),3.074244,True,(0.0, 0.0, 0.0),0,0,False,(0.0, 0.0, 0.0),0,0,False,(0.0, 0.0, 0.0),0,0,False,(2.0, 2.0, 0.0),4.745775,False,(0.0, 0.0, 0.0),0,0,False,(0.0, 0.0, 0.0),0,0,False,(0.0, 0.0, 0.0),0,0,False,94.89752
(1.0, 2.0, 0.0),2.389918,False,(0.0, 0.0, 0.0),0,0,True,(0.0, 0.0, 0.0),0,0,False,(1.0, 1.0, 1.0),765.7083,665.7475,False,(1.0, 2.0, 2.0),3.044714,False,(0.0, 0.0, 0.0),0,0,False,(0.0, 0.0, 0.0),0,0,False,(0.0, 0.0, 0.0),0,0,False,(2.0, 1.0, 0.0),4.339617,False,(0.0, 0.0, 0.0),0,0,False,(0.0, 0.0, 0.0),0,0,True,(0.0, 0.0, -1.0),382.1152,777.7586,False,(2.0, 1.0, 2.0),3.074244,False,(0.0, 0.0, 0.0),0,0,False,(0.0, 0.0, 0.0),0,0,False,(0.0, 0.0, 0.0),0,0,False,(2.0, 2.0, 0.0),3.240069,False,(0.0, 0.0, 0.0),0,0,False,(0.0, 0.0, 0.0),0,0,False,(0.0, 0.0, 0.0),0,0,False,4.981403
(1.0, 2.0, 0.0),2.389918,False,(0.0, 0.0, 0.0),0,0,True,(0.0, 0.0, 0.0),0,0,False,(1.0, 1.0, 1.0),765.7083,665.7475,False,(1.0, 2.0, 2.0),3.044714,False,(0.0, 0.0, 0.0),0,0,False,(0.0, 0.0, 0.0),0,0,False,(0.0, 0.0, 0.0),0,0,False,(2.0, 1.0, 0.0),4.339617,False,(0.0, 0.0, 0.0),0,0,False,(0.0, 0.0, 0.0),0,0,True,(0.0, 0.0, -1.0),382.1152,777.7586,False,(2.0, 1.0, 2.0),3.074244,True,(0.0, 0.0, 0.0),0,0,False,(0.0, 0.0, 0.0),0,0,False,(0.0, 0.0, 0.0),0,0,False,(2.0, 2.0, 0.0),4.745775,False,(0.0, 0.0, 0.0),0,0,False,(0.0, 0.0, 0.0),0,0,False,(0.0, 0.0, 0.0),0,0,False,3.033235
(1.0, 2.0, 0.0),2.389918,False,(0.0, 0.0, 0.0),0,0,True,(0.0, 0.0, 0.0),0,0,False,(1.0, 1.0, 1.0),590.5034,665.7475,False,(1.0, 2.0, 2.0),3.044714,False,(0.0, 0.0, 0.0),0,0,False,(0.0, 0.0, 0.0),0,0,False,(0.0, 0.0, 0.0),0,0,False,(2.0, 1.0, 0.0),4.339617,False,(0.0, 0.0, 0.0),0,0,False,(0.0, 0.0, 0.0),0,0,True,(0.0, 0.0, -1.0),382.1152,777.7586,False,(2.0, 1.0, 2.0),3.074244,True,(0.0, 0.0, 0.0),0,0,False,(0.0, 0.0, 0.0),0,0,False,(0.0, 0.0, 0.0),0,0,False,(2.0, 2.0, 0.0),4.745775,False,(0.0, 0.0, 0.0),0,0,False,(0.0, 0.0, 0.0),0,0,False,(0.0, 0.0, 0.0),0,0,False,77.61465
(1.0, 2.0, 0.0),2.389918,False,(0.0, 0.0, 0.0),0,0,True,(0.0, 0.0, 0.0),0,0,False,(1.0, 1.0, 1.0),590.5034,665.7475,False,(1.0, 2.0, 2.0),3.044714,False,(0.0, 0.0, 0.0),0,0,False,(0.0, 0.0, 0.0),0,0,False,(0.0, 0.0, 0.0),0,0,False,(2.0, 1.0, 0.0),4.339617,True,(0.0, 0.0, 0.0),0,0,False,(0.0, 0.0, 0.0),0,0,True,(0.0, 0.0, -1.0),382.1152,777.7586,False,(2.0, 1.0, 2.0),3.074244,True,(0.0, 0.0, 0.0),0,0,False,(0.0, 0.0, 0.0),0,0,False,(0.0, 0.0, 0.0),0,0,False,(2.0, 2.0, 0.0),4.745775,False,(0.0, 0.0, 0.0),0,0,False,(0.0, 0.0, 0.0),0,0,False,(0.0, 0.0, 0.0),0,0,False,0
(1.0, 2.0, 0.0),2.389918,False,(0.0, 0.0, 0.0),0,0,True,(0.0, 0.0, 0.0),0,0,False,(1.0, 1.0, 1.0),590.5034,665.7475,False,(1.0, 2.0, 2.0),3.044714,False,(0.0, 0.0, 0.0),0,0,False,(0.0, 0.0, 0.0),0,0,False,(0.0, 0.0, 0.0),0,0,False,(2.0, 1.0, 0.0),4.339617,False,(0.0, 0.0, 0.0),0,0,False,(0.0, 0.0, 0.0),0,0,True,(0.0, 0.0, -1.0),791.622,777.7586,False,(2.0, 1.0, 2.0),3.074244,True,(0.0, 0.0, 0.0),0,0,False,(0.0, 0.0, 0.0),0,0,False,(0.0, 0.0, 0.0),0,0,False,(2.0, 2.0, 0.0),4.745775,False,(0.0, 0.0, 0.0),0,0,False,(0.0, 0.0, 0.0),0,0,False,(0.0, 0.0, 0.0),0,0,False,0
(1.0, 2.0, 0.0),2.389918,False,(0.0, 0.0, 0.0),0,0,True,(0.0, 0.0, 0.0),0,0,False,(1.0, 1.0, 1.0),590.5034,665.7475,False,(1.0, 2.0, 2.0),3.044714,False,(0.0, 0.0, 0.0),0,0,False,(0.0, 0.0, 0.0),0,0,False,(0.0, 0.0, 0.0),0,0,False,(2.0, 1.0, 0.0),4.339617,False,(0.0, 0.0, 0.0),0,0,False,(0.0, 0.0, 0.0),0,0,True,(1.0, 1.0, 1.0),382.1152,777.7586,False,(2.0, 1.0, 2.0),3.074244,True,(0.0, 0.0, 0.0),0,0,False,(0.0, 0.0, 0.0),0,0,False,(0.0, 0.0, 0.0),0,0,False,(2.0, 2.0, 0.0),4.745775,False,(0.0, 0.0, 0.0),0,0,False,(0.0, 0.0, 0.0),0,0,False,(0.0, 0.0, 0.0),0,0,False,0
(1.0, 2.0, 0.0),2.389918,False,(0.0, 0.0, 0.0),0,0,True,(0.0, 0.0, 0.0),0,0,False,(1.0, 1.0, 1.0),590.5034,665.7475,False,(1.0, 2.0, 2.0),3.044714,False,(0.0, 0.0, 0.0),0,0,False,(0.0, 0.0, 0.0),0,0,False,(0.0, 0.0, 0.0),0,0,False,(2.0, 1.0, 0.0),4.339617,False,(0.0, 0.0, 0.0),0,0,False,(0.0, 0.0, 0.0),0,0,True,(0.0, 0.0, -1.0),382.1152,777.7586,False,(2.0, 1.0, 2.0),3.074244,True,(0.0, 0.0, 0.0),0,0,False,(0.0, 0.0, 0.0),0,0,False,(0.0, 0.0, 0.0),0,0,False,(2.0, 2.0, 0.0),2.316141,False,(0.0, 0.0, 0.0),0,0,False,(0.0, 0.0, 0.0),0,0,False,(0.0, 0.0, 0.0),0,0,False,15.80146
(1.0, 2.0, 0.0),2.389918,False,(0.0, 0.0, 0.0),0,0,True,(0.0, 0.0, 0.0),0,0,False,(1.0, 1.0, 1.0),590.5034,665.7475,False,(1.0, 2.0, 2.0),3.044714,False,(0.0, 0.0, 0.0),0,0,False,(0.0, 0.0, 0.0),0,0,False,(0.0, 0.0, 0.0),0,0,False,(2.0, 1.0, 0.0),4.339617,False,(0.0, 0.0, 0.0),0,0,False,(0.0, 0.0, 0.0),0,0,True,(0.0, 0.0, -1.0),540.5052,777.7586,False,(2.0, 1.0, 2.0),3.074244,True,(0.0, 0.0, 0.0),0,0,False,(0.0, 0.0, 0.0),0,0,False,(0.0, 0.0, 0.0),0,0,False,(2.0, 2.0, 0.0),3.558023,False,(0.0, 0.0, 0.0),0,0,False,(0.0, 0.0, 0.0),0,0,False,(0.0, 0.0, 0.0),0,0,False,114.5704
(1.0, 2.0, 0.0),2.389918,False,(0.0, 0.0, 0.0),0,0,True,(0.0, 0.0, 0.0),0,0,False,(0.0, 0.0, 0.0),590.5034,665.7475,False,(1.0, 2.0, 2.0),3.044714,False,(0.0, 0.0, 0.0),0,0,False,(0.0, 0.0, 0.0),0,0,False,(0.0, 0.0, 0.0),0,0,False,(2.0, 1.0, 0.0),4.339617,False,(0.0, 0.0, 0.0),0,0,False,(0.0, 0.0, 0.0),0,0,True,(0.0, 0.0, -1.0),382.1152,777.7586,False,(2.0, 1.0, 2.0),3.074244,True,(0.0, 0.0, 0.0),0,0,False,(0.0, 0.0, 0.0),0,0,False,(0.0, 0.0, 0.0),0,0,False,(2.0, 2.0, 0.0),4.745775,False,(0.0, 0.0, 0.0),0,0,False,(0.0, 0.0, 0.0),0,0,False,(0.0, 0.0, 0.0),0,0,False,0
(1.0, 2.0, 0.0),2.389918,False,(0.0, 0.0, 0.0),0,0,True,(0.0, 0.0, 0.0),0,0,False,(1.0, 1.0, 1.0),590.5034,665.7475,False,(1.0, 2.0, 2.0),3.044714,False,(0.0, 0.0, 0.0),0,0,False,(0.0, 0.0, 0.0),0,0,False,(0.0, 0.0, 0.0),0,0,False,(2.0, 1.0, 0.0),4.339617,False,(0.0, 0.0, 0.0),0,0,False,(0.0, 0.0, 0.0),0,0,True,(0.0, 0.0, -1.0),382.1152,777.7586,False,(2.0, 1.0, 2.0),4.81419,True,(0.0, 0.0, 0.0),0,0,False,(0.0, 0.0, 0.0),0,0,False,(0.0, 0.0, 0.0),0,0,False,(2.0, 2.0, 0.0),4.745775,False,(0.0, 0.0, 0.0),0,0,False,(0.0, 0.0, 0.0),0,0,False,(0.0, 0.0, 0.0),0,0,False,24.30747
(1.0, 2.0, 0.0),2.389918,False,(0.0, 0.0, 0.0),0,0,True,(0.0, 0.0, 0.0),0,0,False,(1.0, 1.0, 1.0),590.5034,665.7475,False,(1.0, 2.0, 2.0),3.044714,False,(0.0, 0.0, 0.0),0,0,False,(0.0, 0.0, 0.0),0,0,False,(0.0, 0.0, 0.0),0,0,False,(2.0, 1.0, 0.0),4.339617,False,(0.0, 0.0, 0.0),0,0,False,(0.0, 0.0, 0.0),0,0,True,(0.0, 0.0, -1.0),382.1152,777.7586,False,(2.0, 1.0, 2.0),3.074244,True,(0.0, 0.0, 0.0),0,0,False,(0.0, 0.0, 0.0),0,0,False,(0.0, 0.0, 0.0),0,0,False,(2.0, 2.0, 0.0),4.745775,False,(0.0, 0.0, 0.0),0,0,False,(0.0, 0.0, 0.0),0,0,False,(0.0, 0.0, 0.0),0,0,False,65.88568
(1.0, 2.0, 0.0),2.389918,False,(0.0, 0.0, 0.0),0,0,True,(0.0, 0.0, 0.0),0,0,False,(1.0, 1.0, 1.0),590.5034,665.7475,False,(1.0, 2.0, 2.0),3.044714,False,(0.0, 0.0, 0.0),0,0,False,(0.0, 0.0, 0.0),0,0,False,(0.0, 0.0, 0.0),0,0,False,(2.0, 1.0, 0.0),4.339617,False,(0.0, 0.0, 0.0),0,0,False,(0.0, 0.0, 0.0),0,0,True,(0.0, 0.0, -1.0),540.5052,777.7586,False,(2.0, 1.0, 2.0),3.074244,True,(0.0, 0.0, 0.0),0,0,False,(0.0, 0.0, 0.0),0,0,False,(0.0, 0.0, 0.0),0,0,False,(2.0, 2.0, 0.0),3.558023,False,(0.0, 0.0, 0.0),0,0,False,(0.0, 0.0, 0.0),0,0,False,(0.0, 0.0, 0.0),0,0,False,35.0424
(1.0, 2.0, 0.0),2.389918,True,(0.0, 0.0, 0.0),0,0,True,(0.0, 0.0, 0.0),0,0,False,(1.0, 1.0, 1.0),590.5034,665.7475,False,(1.0, 2.0, 2.0),3.044714,False,(0.0, 0.0, 0.0),0,0,False,(0.0, 0.0, 0.0),0,0,False,(0.0, 0.0, 0.0),0,0,False,(2.0, 1.0, 0.0),4.339617,False,(0.0, 0.0, 0.0),0,0,False,(0.0, 0.0, 0.0),0,0,True,(0.0, 0.0, -1.0),540.5052,777.7586,False,(2.0, 1.0, 2.0),3.074244,True,(0.0, 0.0, 0.0),0,0,False,(0.0, 0.0, 0.0),0,0,False,(0.0, 0.0, 0.0),0,0,False,(2.0, 2.0, 0.0),3.558023,False,(0.0, 0.0, 0.0),0,0,False,(0.0, 0.0, 0.0),0,0,False,(0.0, 0.0, 0.0),0,0,False,0
(1.0, 2.0, 0.0),2.389918,False,(0.0, 0.0, 0.0),0,0,True,(0.0, 0.0, 0.0),0,0,False,(1.0, 1.0, 1.0),590.5034,665.7475,False,(1.0, 2.0, 2.0),3.044714,True,(0.0, 0.0, 0.0),0,0,False,(0.0, 0.0, 0.0),0,0,False,(0.0, 0.0, 0.0),0,0,False,(2.0, 1.0, 0.0),4.339617,False,(0.0, 0.0, 0.0),0,0,False,(0.0, 0.0, 0.0),0,0,True,(0.0, 0.0, -1.0),540.5052,777.7586,False,(2.0, 1.0, 2.0),3.074244,True,(0.0, 0.0, 0.0),0,0,False,(0.0, 0.0, 0.0),0,0,False,(0.0, 0.0, 0.0),0,0,False,(2.0, 2.0, 0.0),3.558023,False,(0.0, 0.0, 0.0),0,0,False,(0.0, 0.0, 0.0),0,0,False,(0.0, 0.0, 0.0),0,0,False,0
(1.0, 2.0, 0.0),2.389918,False,(0.0, 0.0, 0.0),0,0,True,(0.0, 0.0, 0.0),0,0,False,(1.0, 1.0, 1.0),590.5034,665.7475,False,(1.0, 2.0, 2.0),3.044714,False,(0.0, 0.0, 0.0),0,0,False,(0.0, 0.0, 0.0),0,0,False,(0.0, 0.0, 0.0),0,0,False,(2.0, 1.0, 0.0),4.339617,False,(0.0, 0.0, 0.0),0,0,False,(0.0, 0.0, 0.0),0,0,True,(0.0, 0.0, -1.0),540.5052,720.9853,False,(2.0, 1.0, 2.0),3.074244,True,(0.0, 0.0, 0.0),0,0,False,(0.0, 0.0, 0.0),0,0,False,(0.0, 0.0, 0.0),0,0,False,(2.0, 2.0, 0.0),4.488118,False,(0.0, 0.0, 0.0),0,0,False,(0.0, 0.0, 0.0),0,0,False,(0.0, 0.0, 0.0),0,0,False,90.96658
(1.0, 2.0, 0.0),2.389918,False,(0.0, 0.0, 0.0),0,0,True,(0.0, 0.0, 0.0),0,0,False,(1.0, 1.0, 1.0),590.5034,665.7475,False,(1.0, 2.0, 2.0),3.044714,False,(0.0, 0.0, 0.0),0,0,False,(0.0, 0.0, 0.0),0,0,False,(0.0, 0.0, 0.0),0,0,False,(2.0, 1.0, 0.0),4.339617,True,(0.0, 0.0, 0.0),0,0,False,(0.0, 0.0, 0.0),0,0,True,(-1.0, 1.0, 0.0),540.5052,777.7586,False,(2.0, 1.0, 2.0),3.698385,True,(0.0, 0.0, 0.0),0,0,False,(0.0, 0.0, 0.0),0,0,False,(0.0, 0.0, 0.0),0,0,False,(2.0, 2.0, 0.0),3.558023,False,(0.0, 0.0, 0.0),0,0,False,(0.0, 0.0, 0.0),0,0,False,(0.0, 0.0, 0.0),0,0,False,0
(1.0, 2.0, 0.0),2.389918,False,(0.0, 0.0, 0.0),0,0,True,(0.0, 0.0, 0.0),0,0,False,(1.0, 1.0, 1.0),590.5034,665.7475,False,(1.0, 2.0, 2.0),3.044714,False,(0.0, 0.0, 0.0),0,0,False,(0.0, 0.0, 0.0),0,0,False,(0.0, 0.0, 0.0),0,0,False,(2.0, 1.0, 0.0),4.339617,True,(0.0, 0.0, 0.0),0,0,False,(0.0, 0.0, 0.0),0,0,True,(0.0, 0.0, -1.0),540.5052,788.9438,False,(2.0, 1.0, 2.0),3.074244,True,(0.0, 0.0, 0.0),0,0,False,(0.0, 0.0, 0.0),0,0,False,(0.0, 0.0, 0.0),0,0,False,(2.0, 2.0, 0.0),3.558023,False,(0.0, 0.0, 0.0),0,0,False,(0.0, 0.0, 0.0),0,0,False,(0.0, 0.0, 0.0),0,0,False,0
(1.0, 2.0, 0.0),2.389918,False,(0.0, 0.0, 0.0),0,0,True,(0.0, 0.0, 0.0),0,0,False,(1.0, 1.0, 1.0),590.5034,665.7475,False,(1.0, 2.0, 2.0),2.738408,False,(0.0, 0.0, 0.0),0,0,False,(0.0, 0.0, 0.0),0,0,False,(0.0, 0.0, 0.0),0,0,False,(2.0, 1.0, 0.0),4.339617,False,(0.0, 0.0, 0.0),0,0,False,(0.0, 0.0, 0.0),0,0,True,(0.0, 0.0, -1.0),540.5052,777.7586,False,(2.0, 1.0, 2.0),3.074244,True,(0.0, 0.0, 0.0),0,0,False,(0.0, 0.0, 0.0),0,0,False,(0.0, 0.0, 0.0),0,0,False,(2.0, 2.0, 0.0),3.558023,False,(0.0, 0.0, 0.0),0,0,False,(0.0, 0.0, 0.0),0,0,False,(0.0, 0.0, 0.0),0,0,False,110.6207
(1.0, 2.0, 0.0),2.389918,False,(0.0, 0.0, 0.0),0,0,True,(0.0, 0.0, 0.0),0,0,False,(1.0, 1.0, 1.0),590.5034,665.7475,False,(1.0, 2.0, 2.0),3.044714,False,(0.0, 0.0, 0.0),0,0,False,(0.0, 0.0, 0.0),0,0,False,(0.0, 0.0, 0.0),0,0,False,(2.0, 1.0, 0.0),4.512779,False,(0.0, 0.0, 0.0),0,0,False,(0.0, 0.0, 0.0),0,0,True,(0.0, 0.0, -1.0),540.5052,777.7586,False,(2.0, 1.0, 2.0),3.074244,True,(0.0, 0.0, 0.0),0,0,False,(0.0, 0.0, 0.0),0,0,False,(0.0, 0.0, 0.0),0,0,False,(2.0, 2.0, 0.0),3.558023,False,(0.0, 0.0, 0.0),0,0,False,(0.0, 0.0, 0.0),0,0,False,(0.0, 0.0, 0.0),0,0,False,0
(1.0, 2.0, 0.0),2.389918,False,(0.0, 0.0, 0.0),0,0,True,(0.0, 0.0, 0.0),0,0,False,(0.0, 0.0, 1.0),590.5034,665.7475,False,(1.0, 2.0, 2.0),3.044714,False,(0.0, 0.0, 0.0),0,0,False,(0.0, 0.0, 0.0),0,0,False,(0.0, 0.0, 0.0),0,0,False,(2.0, 1.0, 0.0),4.339617,False,(0.0, 0.0, 0.0),0,0,False,(0.0, 0.0, 0.0),0,0,True,(0.0, 0.0, -1.0),540.5052,777.7586,False,(2.0, 1.0, 2.0),2.479709,True,(0.0, 0.0, 0.0),0,0,False,(0.0, 0.0, 0.0),0,0,False,(0.0, 0.0, 0.0),0,0,False,(2.0, 2.0, 0.0),3.558023,False,(0.0, 0.0, 0.0),0,0,False,(0.0, 0.0, 0.0),0,0,False,(0.0, 0.0, 0.0),0,0,False,156.7572
